# Data;Dia;D1(m³);D2(m³);D3(m³)
01/01/2017;1;0.0;0.0;0.0
02/01/2017;2;0.0;0.0;0.0
03/01/2017;3;0.0;0.0;0.0
04/01/2017;4;0.0;0.0;0.0
05/01/2017;5;0.0;0.0;0.0
06/01/2017;6;0.0;0.0;0.0
07/01/2017;7;0.0;0.0;0.0
08/01/2017;8;0.0;0.0;0.0
09/01/2017;9;0.0;0.0;0.0
10/01/2017;10;0.0;0.0;0.0
11/01/2017;11;0.0;0.0;0.0
12/01/2017;12;0.0;0.0;0.0
13/01/2017;13;0.0;0.0;0.0
14/01/2017;14;0.0;0.0;0.0
15/01/2017;15;0.0;0.0;0.0
16/01/2017;16;0.0;0.0;0.0
17/01/2017;17;0.0;0.0;0.0
18/01/2017;18;0.0;0.0;0.0
19/01/2017;19;0.0;0.0;0.0
20/01/2017;20;0.0;0.0;0.0
21/01/2017;21;0.0;0.0;0.0
22/01/2017;22;0.0;0.0;0.0
23/01/2017;23;0.0;0.0;0.0
24/01/2017;24;0.0;0.0;0.0
25/01/2017;25;0.0;0.0;0.0
26/01/2017;26;0.0;0.0;0.0
27/01/2017;27;0.0;0.0;0.0
28/01/2017;28;0.0;0.0;0.0
29/01/2017;29;0.0;0.0;0.0
30/01/2017;30;0.0;0.0;0.0
31/01/2017;31;0.0;0.0;0.0
01/02/2017;32;0.0;0.0;0.0
02/02/2017;33;0.0;0.0;0.0
03/02/2017;34;0.0;0.0;0.0
04/02/2017;35;0.0;0.0;0.0
05/02/2017;36;0.0;0.0;0.0
06/02/2017;37;0.0;0.0;0.0
07/02/2017;38;0.0;0.0;0.0
08/02/2017;39;0.0;0.0;0.0
09/02/2017;40;0.0;0.0;0.0
10/02/2017;41;0.0;0.0;0.0
11/02/2017;42;0.0;0.0;0.0
12/02/2017;43;0.0;0.0;0.0
13/02/2017;44;0.0;0.0;0.0
14/02/2017;45;0.0;0.0;0.0
15/02/2017;46;0.0;0.0;0.0
16/02/2017;47;0.0;0.0;0.0
17/02/2017;48;0.0;0.0;0.0
18/02/2017;49;0.0;0.0;0.0
19/02/2017;50;0.0;0.0;0.0
20/02/2017;51;0.0;0.0;0.0
21/02/2017;52;0.0;0.0;0.0
22/02/2017;53;0.0;0.0;0.0
23/02/2017;54;0.0;0.0;0.0
24/02/2017;55;0.0;0.0;0.0
25/02/2017;56;0.0;0.0;0.0
26/02/2017;57;0.0;0.0;0.0
27/02/2017;58;0.0;0.0;0.0
28/02/2017;59;0.0;0.0;0.0
nan;60;0.0;0.0;0.0
01/03/2017;61;0.0;0.0;0.0
02/03/2017;62;0.0;0.0;0.0
03/03/2017;63;0.0;0.0;0.0
04/03/2017;64;0.0;0.0;0.0
05/03/2017;65;0.0;0.0;0.0
06/03/2017;66;0.0;0.0;0.0
07/03/2017;67;0.0;0.0;0.0
08/03/2017;68;0.0;0.0;0.0
09/03/2017;69;0.0;0.0;0.0
10/03/2017;70;0.0;0.0;0.0
11/03/2017;71;0.0;0.0;0.0
12/03/2017;72;0.0;0.0;0.0
13/03/2017;73;0.0;0.0;0.0
14/03/2017;74;0.0;0.0;0.0
15/03/2017;75;0.0;0.0;0.0
16/03/2017;76;0.0;0.0;0.0
17/03/2017;77;0.0;0.0;0.0
18/03/2017;78;0.0;0.0;0.0
19/03/2017;79;0.0;0.0;0.0
20/03/2017;80;0.0;0.0;0.0
21/03/2017;81;0.0;0.0;0.0
22/03/2017;82;0.0;0.0;0.0
23/03/2017;83;0.0;0.0;0.0
24/03/2017;84;0.0;0.0;0.0
25/03/2017;85;0.0;0.0;0.0
26/03/2017;86;0.0;0.0;0.0
27/03/2017;87;0.0;0.0;0.0
28/03/2017;88;0.0;0.0;0.0
29/03/2017;89;0.0;0.0;0.0
30/03/2017;90;0.0;0.0;0.0
31/03/2017;91;0.0;0.0;0.0
01/04/2017;92;0.0;0.0;0.0
02/04/2017;93;0.0;0.0;0.0
03/04/2017;94;0.0;0.0;0.0
04/04/2017;95;0.0;0.0;0.0
05/04/2017;96;0.0;0.0;0.0
06/04/2017;97;0.0;0.0;0.0
07/04/2017;98;0.0;0.0;0.0
08/04/2017;99;0.0;0.0;0.0
09/04/2017;100;0.0;0.0;0.0
10/04/2017;101;0.0;0.0;0.0
11/04/2017;102;0.0;0.0;0.0
12/04/2017;103;0.0;0.0;0.0
13/04/2017;104;0.0;0.0;0.0
14/04/2017;105;0.0;0.0;0.0
15/04/2017;106;0.0;0.0;0.0
16/04/2017;107;0.0;0.0;0.0
17/04/2017;108;0.0;0.0;0.0
18/04/2017;109;0.0;0.0;0.0
19/04/2017;110;0.0;0.0;0.0
20/04/2017;111;0.0;0.0;0.0
21/04/2017;112;0.0;0.0;0.0
22/04/2017;113;0.0;0.0;0.0
23/04/2017;114;0.0;0.0;0.0
24/04/2017;115;0.0;0.0;0.0
25/04/2017;116;0.0;0.0;0.0
26/04/2017;117;0.0;0.0;0.0
27/04/2017;118;0.0;0.0;0.0
28/04/2017;119;0.0;0.0;0.0
29/04/2017;120;0.0;0.0;0.0
30/04/2017;121;0.0;0.0;0.0
01/05/2017;122;0.0;14840.366966545891;0.0
02/05/2017;123;51606.95817655693;283.24424997310507;0.0
03/05/2017;124;0.0;0.0;0.0
04/05/2017;125;0.0;58242.77339733404;0.0
05/05/2017;126;305.248088274313;15565.416960788298;134.08647045245567
06/05/2017;127;0.0;0.0;0.0
07/05/2017;128;0.0;0.0;0.0
08/05/2017;129;987.4970053870254;0.0;0.0
09/05/2017;130;890.3748296328885;0.0;0.0
10/05/2017;131;11442.632493108411;56298.13826977452;19327.680298167154
11/05/2017;132;0.0;0.0;0.0
12/05/2017;133;0.0;35809.695430749496;0.0
13/05/2017;134;0.0;0.0;0.0
14/05/2017;135;54347.15466284272;0.0;0.0
15/05/2017;136;0.0;0.0;0.0
16/05/2017;137;13829.342871270286;35917.33652814676;17726.339357818517
17/05/2017;138;46649.97971760137;20829.646892427463;0.0
18/05/2017;139;0.0;55752.60031960072;20694.76939331851
19/05/2017;140;0.0;29628.450343240118;0.0
20/05/2017;141;0.0;58592.74905982358;0.0
21/05/2017;142;170091.37677677575;91854.84453073013;0.0
22/05/2017;143;74876.04521662847;28701.982994617694;0.0
23/05/2017;144;69335.70202671387;51151.70586649235;0.0
24/05/2017;145;0.0;56619.98378521154;0.0
25/05/2017;146;12276.023449173745;0.0;0.0
26/05/2017;147;114551.32931138328;78068.30967274451;0.0
27/05/2017;148;18878.109085375312;29097.826082374824;0.0
28/05/2017;149;45412.35761078278;58483.20925631942;0.0
29/05/2017;150;11459.203676547557;79019.88868327436;0.0
30/05/2017;151;58488.5096738429;121510.19764288294;0.0
31/05/2017;152;164915.38146502047;312690.797086882;36708.08401570629
01/06/2017;153;121386.09024346103;284701.05818155536;29127.024432778868
02/06/2017;154;160239.35655066048;264245.7732837382;0.0
03/06/2017;155;146406.00809031216;225520.93414944375;31415.88665332983
04/06/2017;156;322961.78751735686;313073.90671839175;33752.4565339769
05/06/2017;157;281978.69151889504;233595.72339893028;0.0
06/06/2017;158;148898.08240521856;359353.0195304728;38977.06767654209
07/06/2017;159;126306.94537741918;222951.68902494528;623.5747277822932
08/06/2017;160;124395.1628221408;223352.87760901544;1361.7408061308336
09/06/2017;161;122228.01241304593;260376.0888868993;36452.66152489337
10/06/2017;162;159765.63589819006;195802.16040197472;0.0
11/06/2017;163;274937.206706295;232760.6250017399;19109.388611981078
12/06/2017;164;552490.5554480143;197681.04682187331;0.0
13/06/2017;165;125474.99806139912;174457.27600567642;16148.462361551054
14/06/2017;166;109654.73943876145;126835.46993933411;7524.3791822040685
15/06/2017;167;148972.13073889076;202098.99730974814;19233.828542885516
16/06/2017;168;228199.23537998993;230850.99960101562;19534.982542925998
17/06/2017;169;247580.72682886117;162466.8275312662;16000.543708614277
18/06/2017;170;178161.36947301845;261786.38055205482;17119.676164533797
19/06/2017;171;172557.2057460775;302553.13712461275;39520.972733995644
20/06/2017;172;162880.05515865373;302571.67495898856;22464.7242206804
21/06/2017;173;231195.67923669604;199983.7999195926;18331.37369400436
22/06/2017;174;157875.86956448376;185040.7133970086;31108.791992444334
23/06/2017;175;179133.28347384266;169512.69201556398;16554.618992322343
24/06/2017;176;220571.6716099359;216235.32892659723;37420.127237860055
25/06/2017;177;156836.62572263883;270623.46705212066;18583.20050227612
26/06/2017;178;203062.95943011696;198889.42681587877;18570.716086516426
27/06/2017;179;138555.74053641447;189485.7949515866;18125.89907336492
28/06/2017;180;185197.69454735616;247928.73492189802;0.0
29/06/2017;181;150221.701015695;226773.4692519835;47371.75174778566
30/06/2017;182;185518.4077027026;296570.2436908907;0.0
01/07/2017;183;224596.06297475056;242185.53673758672;55591.33631091324
02/07/2017;184;305697.3860884966;274500.5062557494;29265.141259470434
03/07/2017;185;250668.18502204472;325903.45725561195;44699.95496441104
04/07/2017;186;199566.69778738383;274181.1230272763;3033.786064950159
05/07/2017;187;201141.41066989492;289439.8251926068;7077.509427296646
06/07/2017;188;314475.1831643741;284566.5103051509;26561.530551490192
07/07/2017;189;253999.00578679796;297586.50566964183;3090.0737942772744
08/07/2017;190;182304.13917365446;365217.54265142116;58554.20996417111
09/07/2017;191;241680.38736656823;305282.0552024098;2960.939286587128
10/07/2017;192;183323.05797455795;264510.80794366;28156.304013773173
11/07/2017;193;207924.67376468942;332526.12259497325;9093.880443611535
12/07/2017;194;217653.91158775645;228457.62249708408;20775.067803487847
13/07/2017;195;265428.8347150668;284544.87494330533;60146.44952364765
14/07/2017;196;306439.5728089041;268437.8214296096;2315.210782954843
15/07/2017;197;132730.14497052866;205768.07375511498;27642.792774102254
16/07/2017;198;230238.82554878664;194797.16490911075;33360.94639649666
17/07/2017;199;303709.1524356974;306108.84533638466;355.0118136958984
18/07/2017;200;149336.20313547677;283658.06319294596;34060.11163195298
19/07/2017;201;194023.33323332432;180620.4977533848;4250.7942050536585
20/07/2017;202;188051.9056786721;241151.46640418566;35269.83831573696
21/07/2017;203;292372.38587957463;284219.437180789;0.0
22/07/2017;204;237062.74175823847;206100.4549701613;0.0
23/07/2017;205;177566.8781567206;316100.24926909414;0.0
24/07/2017;206;288961.9050246251;252800.43457641345;0.0
25/07/2017;207;0.0;0.0;0.0
26/07/2017;208;0.0;0.0;0.0
27/07/2017;209;0.0;0.0;0.0
28/07/2017;210;0.0;0.0;0.0
29/07/2017;211;0.0;0.0;0.0
30/07/2017;212;0.0;0.0;0.0
31/07/2017;213;0.0;0.0;0.0
01/08/2017;214;0.0;0.0;0.0
02/08/2017;215;0.0;0.0;0.0
03/08/2017;216;0.0;0.0;0.0
04/08/2017;217;0.0;0.0;0.0
05/08/2017;218;0.0;0.0;0.0
06/08/2017;219;0.0;0.0;0.0
07/08/2017;220;0.0;0.0;0.0
08/08/2017;221;0.0;0.0;0.0
09/08/2017;222;0.0;0.0;0.0
10/08/2017;223;0.0;0.0;0.0
11/08/2017;224;0.0;0.0;0.0
12/08/2017;225;0.0;0.0;0.0
13/08/2017;226;0.0;0.0;0.0
14/08/2017;227;0.0;0.0;0.0
15/08/2017;228;0.0;0.0;0.0
16/08/2017;229;0.0;0.0;0.0
17/08/2017;230;0.0;0.0;0.0
18/08/2017;231;0.0;0.0;0.0
19/08/2017;232;0.0;0.0;0.0
20/08/2017;233;0.0;0.0;0.0
21/08/2017;234;0.0;0.0;0.0
22/08/2017;235;0.0;0.0;0.0
23/08/2017;236;0.0;0.0;0.0
24/08/2017;237;0.0;0.0;0.0
25/08/2017;238;0.0;0.0;0.0
26/08/2017;239;0.0;0.0;0.0
27/08/2017;240;0.0;0.0;0.0
28/08/2017;241;0.0;0.0;0.0
29/08/2017;242;0.0;0.0;0.0
30/08/2017;243;0.0;0.0;0.0
31/08/2017;244;0.0;0.0;0.0
01/09/2017;245;0.0;0.0;0.0
02/09/2017;246;0.0;0.0;0.0
03/09/2017;247;0.0;0.0;0.0
04/09/2017;248;0.0;0.0;0.0
05/09/2017;249;0.0;0.0;0.0
06/09/2017;250;0.0;0.0;0.0
07/09/2017;251;0.0;0.0;0.0
08/09/2017;252;0.0;0.0;0.0
09/09/2017;253;0.0;0.0;0.0
10/09/2017;254;0.0;0.0;0.0
11/09/2017;255;0.0;0.0;0.0
12/09/2017;256;0.0;0.0;0.0
13/09/2017;257;0.0;0.0;0.0
14/09/2017;258;0.0;0.0;0.0
15/09/2017;259;0.0;0.0;0.0
16/09/2017;260;0.0;0.0;0.0
17/09/2017;261;0.0;0.0;0.0
18/09/2017;262;0.0;0.0;0.0
19/09/2017;263;0.0;0.0;0.0
20/09/2017;264;0.0;0.0;0.0
21/09/2017;265;0.0;0.0;0.0
22/09/2017;266;0.0;0.0;0.0
23/09/2017;267;0.0;0.0;0.0
24/09/2017;268;0.0;0.0;0.0
25/09/2017;269;0.0;0.0;0.0
26/09/2017;270;0.0;0.0;0.0
27/09/2017;271;0.0;0.0;0.0
28/09/2017;272;0.0;0.0;0.0
29/09/2017;273;0.0;0.0;0.0
30/09/2017;274;0.0;0.0;0.0
01/10/2017;275;0.0;0.0;0.0
02/10/2017;276;0.0;0.0;0.0
03/10/2017;277;0.0;0.0;0.0
04/10/2017;278;0.0;0.0;0.0
05/10/2017;279;0.0;0.0;0.0
06/10/2017;280;0.0;0.0;0.0
07/10/2017;281;0.0;0.0;0.0
08/10/2017;282;0.0;0.0;0.0
09/10/2017;283;0.0;0.0;0.0
10/10/2017;284;0.0;0.0;0.0
11/10/2017;285;0.0;0.0;0.0
12/10/2017;286;0.0;0.0;0.0
13/10/2017;287;0.0;0.0;0.0
14/10/2017;288;0.0;0.0;0.0
15/10/2017;289;0.0;0.0;0.0
16/10/2017;290;0.0;0.0;0.0
17/10/2017;291;0.0;0.0;0.0
18/10/2017;292;0.0;0.0;0.0
19/10/2017;293;0.0;0.0;0.0
20/10/2017;294;0.0;0.0;0.0
21/10/2017;295;0.0;0.0;0.0
22/10/2017;296;0.0;0.0;0.0
23/10/2017;297;0.0;0.0;0.0
24/10/2017;298;0.0;0.0;0.0
25/10/2017;299;0.0;0.0;0.0
26/10/2017;300;0.0;0.0;0.0
27/10/2017;301;0.0;0.0;0.0
28/10/2017;302;0.0;0.0;0.0
29/10/2017;303;0.0;0.0;0.0
30/10/2017;304;0.0;0.0;0.0
31/10/2017;305;0.0;0.0;0.0
01/11/2017;306;0.0;0.0;0.0
02/11/2017;307;0.0;0.0;0.0
03/11/2017;308;0.0;0.0;0.0
04/11/2017;309;0.0;0.0;0.0
05/11/2017;310;0.0;0.0;0.0
06/11/2017;311;0.0;0.0;0.0
07/11/2017;312;0.0;0.0;0.0
08/11/2017;313;0.0;0.0;0.0
09/11/2017;314;0.0;0.0;0.0
10/11/2017;315;0.0;0.0;0.0
11/11/2017;316;0.0;0.0;0.0
12/11/2017;317;0.0;0.0;0.0
13/11/2017;318;0.0;0.0;0.0
14/11/2017;319;0.0;0.0;0.0
15/11/2017;320;0.0;0.0;0.0
16/11/2017;321;0.0;0.0;0.0
17/11/2017;322;0.0;0.0;0.0
18/11/2017;323;0.0;0.0;0.0
19/11/2017;324;0.0;0.0;0.0
20/11/2017;325;0.0;0.0;0.0
21/11/2017;326;0.0;0.0;0.0
22/11/2017;327;0.0;0.0;0.0
23/11/2017;328;0.0;0.0;0.0
24/11/2017;329;0.0;0.0;0.0
25/11/2017;330;0.0;0.0;0.0
26/11/2017;331;0.0;0.0;0.0
27/11/2017;332;0.0;0.0;0.0
28/11/2017;333;0.0;0.0;0.0
29/11/2017;334;0.0;0.0;0.0
30/11/2017;335;0.0;0.0;0.0
01/12/2017;336;0.0;0.0;0.0
02/12/2017;337;0.0;0.0;0.0
03/12/2017;338;0.0;0.0;0.0
04/12/2017;339;0.0;0.0;0.0
05/12/2017;340;0.0;0.0;0.0
06/12/2017;341;0.0;0.0;0.0
07/12/2017;342;0.0;0.0;0.0
08/12/2017;343;0.0;0.0;0.0
09/12/2017;344;0.0;0.0;0.0
10/12/2017;345;0.0;0.0;0.0
11/12/2017;346;0.0;0.0;0.0
12/12/2017;347;0.0;0.0;0.0
13/12/2017;348;0.0;0.0;0.0
14/12/2017;349;0.0;0.0;0.0
15/12/2017;350;0.0;0.0;0.0
16/12/2017;351;0.0;0.0;0.0
17/12/2017;352;0.0;0.0;0.0
18/12/2017;353;0.0;0.0;0.0
19/12/2017;354;155779.77;0.0;0.0
20/12/2017;355;0.0;0.0;0.0
21/12/2017;356;0.0;0.0;0.0
22/12/2017;357;0.0;0.0;0.0
23/12/2017;358;0.0;0.0;0.0
24/12/2017;359;0.0;0.0;0.0
25/12/2017;360;0.0;0.0;0.0
26/12/2017;361;0.0;0.0;0.0
27/12/2017;362;0.0;0.0;0.0
28/12/2017;363;0.0;0.0;0.0
29/12/2017;364;0.0;0.0;0.0
30/12/2017;365;0.0;0.0;0.0
31/12/2017;366;0.0;0.0;0.0
01/01/2018;1;0.0;0.0;0.0
02/01/2018;2;0.0;0.0;0.0
03/01/2018;3;0.0;0.0;0.0
04/01/2018;4;0.0;0.0;0.0
05/01/2018;5;0.0;0.0;0.0
06/01/2018;6;0.0;0.0;0.0
07/01/2018;7;0.0;0.0;0.0
08/01/2018;8;0.0;0.0;0.0
09/01/2018;9;0.0;0.0;0.0
10/01/2018;10;0.0;0.0;0.0
11/01/2018;11;0.0;0.0;0.0
12/01/2018;12;0.0;0.0;0.0
13/01/2018;13;0.0;0.0;0.0
14/01/2018;14;0.0;0.0;0.0
15/01/2018;15;0.0;0.0;0.0
16/01/2018;16;0.0;0.0;0.0
17/01/2018;17;0.0;0.0;0.0
18/01/2018;18;0.0;0.0;0.0
19/01/2018;19;0.0;0.0;0.0
20/01/2018;20;0.0;0.0;0.0
21/01/2018;21;0.0;0.0;0.0
22/01/2018;22;0.0;0.0;0.0
23/01/2018;23;0.0;0.0;0.0
24/01/2018;24;0.0;0.0;0.0
25/01/2018;25;0.0;0.0;0.0
26/01/2018;26;0.0;0.0;0.0
27/01/2018;27;0.0;0.0;0.0
28/01/2018;28;0.0;0.0;0.0
29/01/2018;29;0.0;0.0;0.0
30/01/2018;30;0.0;0.0;0.0
31/01/2018;31;18453.254;45527.523;0.0
01/02/2018;32;0.0;35925.203;0.0
02/02/2018;33;0.0;0.0;0.0
03/02/2018;34;0.0;4639.9546;0.0
04/02/2018;35;0.0;0.0;0.0
05/02/2018;36;0.0;0.0;0.0
06/02/2018;37;0.0;0.0;0.0
07/02/2018;38;0.0;0.0;0.0
08/02/2018;39;0.0;0.0;0.0
09/02/2018;40;0.0;0.0;0.0
10/02/2018;41;2789.275215;0.0;0.0
11/02/2018;42;10.633267;0.0;0.0
12/02/2018;43;13.543377;0.0;0.0
13/02/2018;44;46.245693;0.0;0.0
14/02/2018;45;36.857538500000004;0.0;0.0
15/02/2018;46;66.38018;0.0;0.0
16/02/2018;47;43.521698;0.0;0.0
17/02/2018;48;4.4353538;0.0;0.0
18/02/2018;49;54068.733;0.0;0.0
19/02/2018;50;94163.98;0.0;0.0
20/02/2018;51;87.42988;0.0;0.0
21/02/2018;52;28.923784;0.0;0.0
22/02/2018;53;45.743095;0.0;0.0
23/02/2018;54;8.982759;0.0;0.0
24/02/2018;55;26234.669207000003;0.0;0.0
25/02/2018;56;12.546045;0.0;0.0
26/02/2018;57;39.941517;0.0;0.0
27/02/2018;58;34170.4679;0.0;0.0
28/02/2018;59;6.467776;0.0;0.0
nan;60;0.0;0.0;0.0
01/03/2018;61;8.841306;0.0;0.0
02/03/2018;62;18.891983;0.0;0.0
03/03/2018;63;63286.066;20179.5964;0.0
04/03/2018;64;168661.725;109868.375;0.0
05/03/2018;65;144369.558;113099.946;0.0
06/03/2018;66;69622.531;90066.405;0.0
07/03/2018;67;34713.209837;0.0;0.0
08/03/2018;68;65263.523;0.0;0.0
09/03/2018;69;0.0;16682.355;0.0
10/03/2018;70;0.0;0.0;0.0
11/03/2018;71;0.0;0.0;0.0
12/03/2018;72;344.33875;32290.824;0.0
13/03/2018;73;414.70193;0.0;0.0
14/03/2018;74;614.08484;0.0;0.0
15/03/2018;75;762.9376;0.0;0.0
16/03/2018;76;475.70422;0.0;0.0
17/03/2018;77;15964.85778;0.0;0.0
18/03/2018;78;62825.22116;0.0;0.0
19/03/2018;79;63282.12;6882.613;0.0
20/03/2018;80;15231.305292549998;26261.358;0.0
21/03/2018;81;100061.04997769;51179.535;0.0
22/03/2018;82;95747.137;0.0;0.0
23/03/2018;83;53174.64;0.0;0.0
24/03/2018;84;63210.75;21.093498;0.0
25/03/2018;85;63150.613;0.0;0.0
26/03/2018;86;17625.084;0.0;0.0
27/03/2018;87;0.0;0.0;0.0
28/03/2018;88;0.0;0.0;0.0
29/03/2018;89;15689.6618;34842.684;0.0
30/03/2018;90;138056.204;39289.98;0.0
31/03/2018;91;111975.28400000001;49100.125;0.0
01/04/2018;92;85118.914;60970.16;0.0
02/04/2018;93;65715.125;10583.24;0.0
03/04/2018;94;7275.244;0.0;0.0
04/04/2018;95;70833.2;0.0;0.0
05/04/2018;96;84007.695;0.0;0.0
06/04/2018;97;62459.58;0.0;0.0
07/04/2018;98;0.0;0.0;0.0
08/04/2018;99;27103.715;0.0;0.0
09/04/2018;100;62862.836;0.0;0.0
10/04/2018;101;0.0;0.0;0.0
11/04/2018;102;91540.772;0.0;0.0
12/04/2018;103;50171.047;0.0;0.0
13/04/2018;104;155667.938;0.0;0.0
14/04/2018;105;118797.73;0.0;0.0
15/04/2018;106;125389.28;0.0;0.0
16/04/2018;107;71052.546;0.0;0.0
17/04/2018;108;75830.04000000001;0.0;0.0
18/04/2018;109;0.0;0.0;0.0
19/04/2018;110;0.0;0.0;0.0
20/04/2018;111;0.0;0.0;0.0
21/04/2018;112;24365.57;0.0;0.0
22/04/2018;113;45684.67;0.0;0.0
23/04/2018;114;64214.324;0.0;0.0
24/04/2018;115;18671.13;0.0;0.0
25/04/2018;116;5110.45;0.0;0.0
26/04/2018;117;48269.12;0.0;0.0
27/04/2018;118;61453.027;0.0;0.0
28/04/2018;119;17008.256;0.0;0.0
29/04/2018;120;121743.02;0.0;0.0
30/04/2018;121;22711.336;0.0;0.0
01/05/2018;122;0.0;0.0;0.0
02/05/2018;123;0.0;0.0;0.0
03/05/2018;124;13981.821949592246;36683.67015238777;37317.23820649292
04/05/2018;125;0.0;0.0;0.0
05/05/2018;126;0.0;649.2855429866299;0.0
06/05/2018;127;395.6859748285883;172.6509210173486;0.0
07/05/2018;128;57243.82531079579;393.53422250439047;0.0
08/05/2018;129;37728.228006871694;16808.73766939221;40587.919406003515
09/05/2018;130;0.0;12561.930966462907;0.0
10/05/2018;131;0.0;0.0;0.0
11/05/2018;132;120.30277662513141;0.0;0.0
12/05/2018;133;40404.88268555193;480.95853996762105;37834.99314758199
13/05/2018;134;32048.463496465796;0.0;0.0
14/05/2018;135;33034.87058948068;0.0;0.0
15/05/2018;136;0.0;20820.67377574567;0.0
16/05/2018;137;3154.3000131830013;17777.84641707416;55942.26125271371
17/05/2018;138;29108.698269419143;8602.494768310075;0.0
18/05/2018;139;0.0;9120.905063952934;56986.12024706663
19/05/2018;140;57417.67796930262;122194.83541006438;0.0
20/05/2018;141;63174.24656128565;172526.86137286108;0.0
21/05/2018;142;0.0;7084.799521835743;59152.47104735819
22/05/2018;143;99221.4079513943;86048.72176716918;9977.318576083244
23/05/2018;144;38087.63427496453;8984.895787105714;51968.489030642064
24/05/2018;145;32956.56445470211;98142.21555783016;27379.30187892595
25/05/2018;146;0.0;103052.05518617203;0.0
26/05/2018;147;18779.287343130443;15602.223678784307;0.0
27/05/2018;148;27311.28276550038;58860.28172052756;0.0
28/05/2018;149;73694.08382246859;14276.285194239637;0.0
29/05/2018;150;11419.325983106452;0.0;2092.629775627856
30/05/2018;151;1401.6149080359;3059.407770933941;0.0
31/05/2018;152;141373.45523119572;385467.24083947676;351.7574705674041
01/06/2018;153;193030.2594360999;116250.20910576024;0.0
02/06/2018;154;212857.05988694867;260156.57938257817;0.0
03/06/2018;155;286620.7082099391;299061.64100186917;34046.72138595223
04/06/2018;156;105538.69191893883;178849.0791499343;0.0
05/06/2018;157;275856.948827334;194604.930970194;82365.173350636
06/06/2018;158;197069.15483324882;373048.94489297876;41213.0400992589
07/06/2018;159;318116.6355517336;155667.07017388556;26971.67915727278
08/06/2018;160;323525.8456831459;135063.57629140888;16062.606205970726
09/06/2018;161;136143.67099815805;362761.78150783275;192654.00564431865
10/06/2018;162;335040.4911732447;480097.8427249135;39193.476300219154
11/06/2018;163;232649.99210639668;260550.24704316573;33345.76562639419
12/06/2018;164;210163.37668361422;462496.0144588609;63658.45161125327
13/06/2018;165;227229.99837597812;117701.75175679558;0.0
14/06/2018;166;81911.43627313407;56127.04693531236;6009.464976466688
15/06/2018;167;197139.20694347794;209427.1437419332;30969.538995437484
16/06/2018;168;293830.72077044833;188438.6604730361;23035.2636799817
17/06/2018;169;146765.53887645184;207185.45363050498;49842.067716973215
18/06/2018;170;168552.08954755217;242249.38919741483;181.3891354339638
19/06/2018;171;237315.3383517331;219987.750841339;33652.13999888816
20/06/2018;172;169209.83840806328;239377.7934248099;1558.1471658055686
21/06/2018;173;201825.35654129402;195046.6626635916;17007.1903525141
22/06/2018;174;154858.86422729713;231095.40272240125;37964.95634496875
23/06/2018;175;215837.87376377513;231675.36601865204;57199.14489584164
24/06/2018;176;228238.4648595036;253499.234013322;17912.181517962435
25/06/2018;177;270271.1750140947;299737.92428929993;0.0
26/06/2018;178;193505.5056670965;228707.7055281792;0.0
27/06/2018;179;113767.66095816442;132495.98283950842;3702.3829202817096
28/06/2018;180;186002.47305933043;266960.40641999297;52169.73319292009
29/06/2018;181;170025.81506643796;266674.0767346408;21338.67782278805
30/06/2018;182;262505.4890695254;213912.5976264953;45480.61001125169
01/07/2018;183;211458.96901366627;327599.6226583355;21471.948885510326
02/07/2018;184;177923.4387290727;302252.64178448997;47529.21159671632
03/07/2018;185;300865.0303028884;317141.18358217226;61070.9073507601
04/07/2018;186;218380.3664857102;352397.9831772828;59249.90729217736
05/07/2018;187;256686.85864838236;188593.40843000368;68850.55902578303
06/07/2018;188;226670.31457146333;238636.7362693179;39646.03028451963
07/07/2018;189;282263.1257801466;238832.4257063627;8037.682502869534
08/07/2018;190;274098.64973059535;195892.3549250807;56167.46684443705
09/07/2018;191;184885.77146125736;248959.87147700338;3932.7499709433996
10/07/2018;192;122096.92571219165;275599.38586814795;25632.20250705316
11/07/2018;193;242742.7482217572;346921.6662943704;31478.573368054866
12/07/2018;194;309200.15179075033;295178.71120859485;36180.11129419308
13/07/2018;195;222681.87556171452;247475.43115558135;36082.91363562173
14/07/2018;196;245610.5499329198;228617.55577119504;28886.197080707476
15/07/2018;197;138288.66596967686;228068.275606658;19364.37546227528
16/07/2018;198;128992.58810966929;158708.62676801038;33921.119117494956
17/07/2018;199;276044.5673658805;255313.97533489822;28977.65220288209
18/07/2018;200;170875.68880408423;282184.1633131428;25273.652135685086
19/07/2018;201;207325.70700307068;148263.15266968994;31876.708800921257
20/07/2018;202;260660.27298334485;218179.43997091716;35016.30372630943
21/07/2018;203;245208.3644345443;254963.4832697363;48149.63351869464
22/07/2018;204;218537.39269972473;297738.3760302198;43308.772919567964
23/07/2018;205;193152.67469660816;105894.28753939312;30998.778203537473
24/07/2018;206;268656.9539081934;362872.9771794337;4695.596462516807
25/07/2018;207;0.0;0.0;0.0
26/07/2018;208;0.0;0.0;0.0
27/07/2018;209;0.0;0.0;0.0
28/07/2018;210;0.0;0.0;0.0
29/07/2018;211;0.0;0.0;0.0
30/07/2018;212;0.0;0.0;0.0
31/07/2018;213;0.0;0.0;0.0
01/08/2018;214;0.0;0.0;0.0
02/08/2018;215;0.0;0.0;0.0
03/08/2018;216;0.0;0.0;0.0
04/08/2018;217;0.0;0.0;0.0
05/08/2018;218;0.0;0.0;0.0
06/08/2018;219;0.0;0.0;0.0
07/08/2018;220;0.0;0.0;0.0
08/08/2018;221;0.0;0.0;0.0
09/08/2018;222;0.0;0.0;0.0
10/08/2018;223;0.0;0.0;0.0
11/08/2018;224;0.0;0.0;0.0
12/08/2018;225;0.0;0.0;0.0
13/08/2018;226;0.0;0.0;0.0
14/08/2018;227;0.0;0.0;0.0
15/08/2018;228;0.0;0.0;0.0
16/08/2018;229;0.0;0.0;0.0
17/08/2018;230;0.0;0.0;0.0
18/08/2018;231;0.0;0.0;0.0
19/08/2018;232;0.0;0.0;0.0
20/08/2018;233;0.0;0.0;0.0
21/08/2018;234;0.0;0.0;0.0
22/08/2018;235;0.0;0.0;0.0
23/08/2018;236;0.0;0.0;0.0
24/08/2018;237;0.0;0.0;0.0
25/08/2018;238;0.0;0.0;0.0
26/08/2018;239;0.0;0.0;0.0
27/08/2018;240;0.0;0.0;0.0
28/08/2018;241;0.0;0.0;0.0
29/08/2018;242;0.0;0.0;0.0
30/08/2018;243;0.0;0.0;0.0
31/08/2018;244;0.0;0.0;0.0
01/09/2018;245;0.0;0.0;0.0
02/09/2018;246;0.0;0.0;0.0
03/09/2018;247;0.0;0.0;0.0
04/09/2018;248;0.0;0.0;0.0
05/09/2018;249;0.0;0.0;0.0
06/09/2018;250;0.0;0.0;0.0
07/09/2018;251;0.0;0.0;0.0
08/09/2018;252;0.0;0.0;0.0
09/09/2018;253;0.0;0.0;0.0
10/09/2018;254;0.0;0.0;0.0
11/09/2018;255;0.0;0.0;0.0
12/09/2018;256;8.433209;0.0;0.0
13/09/2018;257;0.0;0.0;0.0
14/09/2018;258;0.0;0.0;0.0
15/09/2018;259;0.0;0.0;0.0
16/09/2018;260;0.0;0.0;0.0
17/09/2018;261;0.0;0.0;0.0
18/09/2018;262;0.0;0.0;0.0
19/09/2018;263;0.0;0.0;0.0
20/09/2018;264;0.0;0.0;0.0
21/09/2018;265;0.0;23.45867;0.0
22/09/2018;266;0.0;0.0;0.0
23/09/2018;267;0.0;0.0;0.0
24/09/2018;268;19.56427;0.0;0.0
25/09/2018;269;0.0;0.0;0.0
26/09/2018;270;0.0;0.0;0.0
27/09/2018;271;0.0;0.0;0.0
28/09/2018;272;0.0;0.0;0.0
29/09/2018;273;0.0;0.0;0.0
30/09/2018;274;0.0;0.0;0.0
01/10/2018;275;0.0;0.0;0.0
02/10/2018;276;0.0;0.0;0.0
03/10/2018;277;0.0;0.0;0.0
04/10/2018;278;0.0;0.0;0.0
05/10/2018;279;0.0;0.0;0.0
06/10/2018;280;0.0;0.0;0.0
07/10/2018;281;0.0;0.0;0.0
08/10/2018;282;0.0;0.0;0.0
09/10/2018;283;0.0;0.0;0.0
10/10/2018;284;0.0;0.0;0.0
11/10/2018;285;0.0;0.0;0.0
12/10/2018;286;0.0;0.0;0.0
13/10/2018;287;0.0;0.0;0.0
14/10/2018;288;0.0;0.0;0.0
15/10/2018;289;0.0;0.0;0.0
16/10/2018;290;0.0;0.22785255;0.0
17/10/2018;291;0.0;0.0;0.0
18/10/2018;292;8.867727;0.0;0.0
19/10/2018;293;0.0;0.0;0.0
20/10/2018;294;0.0;0.0;0.0
21/10/2018;295;0.0;0.0;0.0
22/10/2018;296;0.0;0.0;0.0
23/10/2018;297;0.0;0.0;0.0
24/10/2018;298;0.0;0.0;0.0
25/10/2018;299;0.0;0.0;0.0
26/10/2018;300;0.0;0.0;0.0
27/10/2018;301;0.0;0.0;0.0
28/10/2018;302;0.0;0.0;0.0
29/10/2018;303;0.0;0.0;0.0
30/10/2018;304;0.0;0.0;0.0
31/10/2018;305;0.0;0.0;0.0
01/11/2018;306;0.0;0.0;0.0
02/11/2018;307;0.0;0.0;0.0
03/11/2018;308;0.0;0.0;0.0
04/11/2018;309;0.0;0.0;0.0
05/11/2018;310;0.0;0.0;0.0
06/11/2018;311;0.0;0.0;0.0
07/11/2018;312;0.0;0.0;0.0
08/11/2018;313;0.0;0.0;0.0
09/11/2018;314;0.0;0.0;0.0
10/11/2018;315;0.0;0.0;0.0
11/11/2018;316;0.0;0.0;0.0
12/11/2018;317;0.0;0.0;0.0
13/11/2018;318;0.0;0.0;0.0
14/11/2018;319;0.0;0.0;0.0
15/11/2018;320;0.0;0.0;0.0
16/11/2018;321;0.0;0.0;0.0
17/11/2018;322;0.0;0.0;0.0
18/11/2018;323;0.0;0.0;0.0
19/11/2018;324;0.0;0.0;0.0
20/11/2018;325;0.0;0.0;0.0
21/11/2018;326;0.0;0.0;0.0
22/11/2018;327;0.0;0.0;0.0
23/11/2018;328;0.0;0.0;0.0
24/11/2018;329;0.0;0.0;0.0
25/11/2018;330;0.0;0.0;0.0
26/11/2018;331;0.0;0.0;0.0
27/11/2018;332;0.0;0.0;0.0
28/11/2018;333;0.0;0.0;0.0
29/11/2018;334;0.0;0.0;0.0
30/11/2018;335;0.0;0.0;0.0
01/12/2018;336;0.0;0.0;0.0
02/12/2018;337;0.0;0.0;0.0
03/12/2018;338;0.0;0.0;0.0
04/12/2018;339;0.0;0.0;0.0
05/12/2018;340;0.0;0.0;0.0
06/12/2018;341;0.0;0.0;0.0
07/12/2018;342;0.0;0.0;0.0
08/12/2018;343;0.0;0.0;0.0
09/12/2018;344;0.0;0.0;0.0
10/12/2018;345;0.0;0.0;0.0
11/12/2018;346;0.0;0.0;0.0
12/12/2018;347;0.0;37049.9784;0.0
13/12/2018;348;0.0;85334.512;0.0
14/12/2018;349;8847.7422;75128.148;0.0
15/12/2018;350;141321.3;151450.477;0.0
16/12/2018;351;52469.185;139304.991;0.0
17/12/2018;352;32557.639;78800.074;0.0
18/12/2018;353;37329.035;128697.71446999999;0.0
19/12/2018;354;38753.526;142140.27451617;0.0
20/12/2018;355;59350.376000000004;160621.72600000002;0.0
21/12/2018;356;74246.39600000001;172130.41310000003;0.0
22/12/2018;357;35065.043;232860.88700000002;0.0
23/12/2018;358;0.0;75127.7212;0.0
24/12/2018;359;0.0;34780.93443;0.0
25/12/2018;360;0.0;45501.06;0.0
26/12/2018;361;0.0;166216.19;0.0
27/12/2018;362;0.0;42587.717000000004;0.0
28/12/2018;363;533.33264;82911.679;0.0
29/12/2018;364;0.0;0.0;0.0
30/12/2018;365;62878.125;0.0;0.0
31/12/2018;366;1326.3441;0.0;0.0
01/01/2019;1;48454.168;0.0;0.0
02/01/2019;2;4530.0737;39801.862;0.0
03/01/2019;3;5275.3843;105938.834;0.0
04/01/2019;4;10099.833;96425.684;0.0
05/01/2019;5;47609.523;195640.00699999998;0.0
06/01/2019;6;67944.98;199110.036;0.0
07/01/2019;7;2907.9763;64211.183999999994;0.0
08/01/2019;8;0.0;68881.1973;0.0
09/01/2019;9;125.080055;143767.429;0.0
10/01/2019;10;1079.4796;192136.02000000002;0.0
11/01/2019;11;3965.027;71341.9193;0.0
12/01/2019;12;44575.656;181732.532;0.0
13/01/2019;13;54225.45;237329.826;410.6663
14/01/2019;14;765.989;130110.56700000001;0.0
15/01/2019;15;29785.096;44880.023;47078.122
16/01/2019;16;0.0;31127.104;75254.955
17/01/2019;17;0.0;80363.05350000001;83104.342
18/01/2019;18;0.0;78599.42;38711.58500000001
19/01/2019;19;17155.742;201254.83000000002;70132.363
20/01/2019;20;49491.168;186516.146;0.0
21/01/2019;21;55588.336;171573.9954;0.0
22/01/2019;22;55956.973;170208.402;0.0
23/01/2019;23;122507.17499999999;258666.44900000002;0.0
24/01/2019;24;61634.8915;154778.832;0.0
25/01/2019;25;132523.968;78752.131;4601.021812999999
26/01/2019;26;43279.8164;113019.978;97732.648
27/01/2019;27;7694.5312;153610.71;86870.42
28/01/2019;28;0.0;55080.176;64165.71399999999
29/01/2019;29;0.0;69966.26999999999;0.0
30/01/2019;30;0.0;151357.2327;0.0
31/01/2019;31;0.0;201715.796;112.658184
01/02/2019;32;0.0;134525.2175;47432.158
02/02/2019;33;0.0;114576.22;77157.591
03/02/2019;34;0.0;149752.22699999998;55837.85
04/02/2019;35;0.0;123364.97099999999;14302.435
05/02/2019;36;5290.2476;146092.328;0.0
06/02/2019;37;14482.069;233373.032;0.0
07/02/2019;38;16845.88;282434.4592;0.0
08/02/2019;39;0.0;271713.703;9031.7129
09/02/2019;40;72101.27;315203.44;102034.82
10/02/2019;41;38803.062;312491.09400000004;100625.174
11/02/2019;42;0.0;247859.796;84133.317
12/02/2019;43;24573.771;277179.84900000005;83351.16
13/02/2019;44;21270.857;324513.368;83594.036
14/02/2019;45;15214.996;302469.955;82478.79000000001
15/02/2019;46;74616.144;311157.37899999996;80030.65400000001
16/02/2019;47;95080.023;418432.18;97548.51199999999
17/02/2019;48;73542.63;409297.671;95774.656
18/02/2019;49;221.86313;269931.089;68246.303
19/02/2019;50;4476.741;190320.793;0.0
20/02/2019;51;0.0;67654.794;0.0
21/02/2019;52;0.0;18518.346;0.0
22/02/2019;53;987.19025;28050.266;0.0
23/02/2019;54;70649.49;42879.345;0.0
24/02/2019;55;61262.1616;118811.24799999999;0.0
25/02/2019;56;0.0;19374.13;0.0
26/02/2019;57;0.0;24415.838000000003;8956.307
27/02/2019;58;514.75543;144744.818;50201.8426
28/02/2019;59;1203.3206;140183.973;27463.639000000003
nan;60;0.0;0.0;0.0
01/03/2019;61;8868.8545;85682.7107;0.0
02/03/2019;62;74964.875;243172.733;0.0
03/03/2019;63;67764.76;327611.252;0.0
04/03/2019;64;0.0;100346.647;0.0
05/03/2019;65;0.0;0.0;0.0
06/03/2019;66;0.0;801.88245;0.0
07/03/2019;67;0.0;0.0;0.0
08/03/2019;68;22854.7496;9099.662;3076.2509
09/03/2019;69;145468.64500000002;29712.709;0.0
10/03/2019;70;86466.932;0.0;0.0
11/03/2019;71;27711.291;18154.8044;0.0
12/03/2019;72;0.0;125262.405;0.0
13/03/2019;73;0.0;80650.387;0.0
14/03/2019;74;0.0;63507.157999999996;0.0
15/03/2019;75;0.0;126389.54999999999;0.0
16/03/2019;76;0.0;162700.416;0.0
17/03/2019;77;0.0;163178.18;0.0
18/03/2019;78;0.0;93622.48800000001;0.0
19/03/2019;79;0.0;72128.33;0.0
20/03/2019;80;0.0;72761.305;0.0
21/03/2019;81;0.0;73485.39;0.0
22/03/2019;82;0.0;82365.421;0.0
23/03/2019;83;71568.9;109744.04199999999;0.0
24/03/2019;84;89137.51699999999;157438.46;25584.702260000002
25/03/2019;85;32395.217;109697.426;50201.363
26/03/2019;86;0.0;61817.41;0.0
27/03/2019;87;0.0;0.0;0.0
28/03/2019;88;0.0;0.0;0.0
29/03/2019;89;0.0;0.0;37062.04
30/03/2019;90;14207.998;0.0;70023.164
31/03/2019;91;27460.55;25444.047;70197.984
01/04/2019;92;0.0;72933.45;30224.012
02/04/2019;93;0.0;80201.96130000001;0.0
03/04/2019;94;0.0;123576.47;0.0
04/04/2019;95;0.0;95070.45999999999;0.0
05/04/2019;96;4454.6147;73140.41;0.0
06/04/2019;97;19659.02033;85609.086;0.0
07/04/2019;98;47061.836;85731.805;0.0
08/04/2019;99;36374.914;75463.695;0.0
09/04/2019;100;17010.062;71299.64;0.0
10/04/2019;101;23315.27347;34108.312;0.0
11/04/2019;102;0.0;0.0;0.0
12/04/2019;103;0.0;0.0;0.0
13/04/2019;104;2887.349;0.0;0.0
14/04/2019;105;0.0;0.0;0.0
15/04/2019;106;0.0;0.0;0.0
16/04/2019;107;0.0;7477.1;0.0
17/04/2019;108;0.0;37695.008;0.0
18/04/2019;109;0.0;48.81818;0.0
19/04/2019;110;0.0;0.0;0.0
20/04/2019;111;0.0;0.0;0.0
21/04/2019;112;0.0;59349.473;0.0
22/04/2019;113;0.0;73533.6;0.0
23/04/2019;114;0.0;71886.83;0.0
24/04/2019;115;0.0;71307.086;0.0
25/04/2019;116;0.0;70821.09;0.0
26/04/2019;117;0.0;72542.88;0.0
27/04/2019;118;0.0;84119.61;0.0
28/04/2019;119;0.0;89485.66;0.0
29/04/2019;120;53665.47;76314.8;0.0
30/04/2019;121;0.0;64135.668;0.0
01/05/2019;122;36064.00535352598;33086.77597496571;0.0
02/05/2019;123;0.0;0.0;0.0
03/05/2019;124;0.0;34826.947880675245;0.0
04/05/2019;125;33559.85004485987;0.0;0.0
05/05/2019;126;0.0;0.0;0.0
06/05/2019;127;0.0;71654.61389848264;0.0
07/05/2019;128;51458.75061772101;0.0;0.0
08/05/2019;129;0.0;0.0;0.0
09/05/2019;130;0.0;72886.89691974677;0.0
10/05/2019;131;0.0;0.0;0.0
11/05/2019;132;0.0;130.00101186179575;0.0
12/05/2019;133;766.2523356624871;0.0;0.0
13/05/2019;134;0.0;378.1667860928891;36056.79189356828
14/05/2019;135;12648.864231483356;40529.54305365585;0.0
15/05/2019;136;32802.59423647882;18249.352560681535;0.0
16/05/2019;137;62219.78254966548;22551.19290771274;0.0
17/05/2019;138;5677.488986678075;30426.927805462088;0.0
18/05/2019;139;18367.797058077264;37615.84607274058;0.0
19/05/2019;140;44848.81503643656;16599.06520713412;0.0
20/05/2019;141;67348.51380023817;29880.281434651544;0.0
21/05/2019;142;129398.15906074402;8385.381111952527;0.0
22/05/2019;143;25678.436443941722;49956.73717366843;20251.656448252957
23/05/2019;144;51102.278944459555;39801.330342845795;0.0
24/05/2019;145;31608.35262585288;130126.24913995952;0.0
25/05/2019;146;118758.15746506528;0.0;0.0
26/05/2019;147;140357.96559127656;9656.951548128667;0.0
27/05/2019;148;32897.581280750725;171557.80150319464;78993.47603993119
28/05/2019;149;38399.103298088885;122634.05239996334;0.0
29/05/2019;150;92011.76493828025;15127.313538590717;0.0
30/05/2019;151;25953.847835826684;13644.939100012009;0.0
31/05/2019;152;321257.75009878696;390706.2159165943;61837.35465261385
01/06/2019;153;328719.2730811625;211404.77857743626;1457.738337107232
02/06/2019;154;162776.7003952005;385305.8145485593;0.0
03/06/2019;155;185381.41340200283;255625.69671941816;0.0
04/06/2019;156;92598.24903760568;216146.6294202069;36155.25195367809
05/06/2019;157;224415.01423308332;467364.4376361979;0.0
06/06/2019;158;231165.41750209886;306207.55695170845;23239.949604332924
07/06/2019;159;236053.87366595754;160876.61107846504;16996.479555957136
08/06/2019;160;204425.93396762936;311151.84241555363;235.85865258703146
09/06/2019;161;140305.6869018699;130319.64090132387;15082.359410093863
10/06/2019;162;160947.34055375174;219689.84683068196;31258.30079842469
11/06/2019;163;300611.1020006457;157167.16001147905;46877.23372723945
12/06/2019;164;177207.75001929776;431558.3550624157;5087.208544079357
13/06/2019;165;78505.70653427695;94122.7417601316;0.0
14/06/2019;166;88497.69337454498;153520.36918900124;0.0
15/06/2019;167;282628.3598585234;240115.65285670117;42713.64521938191
16/06/2019;168;187186.7012487021;201982.50375118636;22420.229961597746
17/06/2019;169;193090.2728353387;314537.0687779389;21581.20651896522
18/06/2019;170;206794.5457846084;246294.48477246703;21864.25413856482
19/06/2019;171;179435.84320685765;251337.95229667946;17332.74223455585
20/06/2019;172;274510.15245355625;205208.71806268868;30073.81673668072
21/06/2019;173;201895.66009781585;286119.1971419908;35267.06181900094
22/06/2019;174;243145.18700308297;201888.32020561962;17476.335660691737
23/06/2019;175;159377.44656282256;170279.3913389236;34155.1997751033
24/06/2019;176;156708.2058403419;239231.5091601733;32411.11609766963
25/06/2019;177;176932.4627039181;205366.58957600532;38192.25462183603
26/06/2019;178;171590.15265746464;264012.59594146465;31267.79849405894
27/06/2019;179;256039.68707077156;241890.59475694495;9637.838201044484
28/06/2019;180;243863.17084767026;275768.5200407982;29345.20277397143
29/06/2019;181;159771.09969603168;149814.3998499009;19656.22205765333
30/06/2019;182;305722.7166622593;336678.4008112509;40213.28739863921
01/07/2019;183;246440.46765244164;324432.44067806174;64454.77548122572
02/07/2019;184;258295.30947476067;313113.889898705;46777.3990524214
03/07/2019;185;261120.8477822986;264398.6176992857;19511.486001232057
04/07/2019;186;281154.0435639904;285398.34343213664;0.0
05/07/2019;187;277857.82520409627;305212.7021650761;41502.83414751811
06/07/2019;188;214997.14268189168;267006.62746029784;57033.61423817399
07/07/2019;189;233056.67715027242;275506.8037664429;17794.10807367169
08/07/2019;190;275287.9437539884;278696.5264472827;8650.48525556016
09/07/2019;191;104099.4147506624;251158.5646135909;10944.937797112734
10/07/2019;192;141162.7709280902;319357.2105625228;0.0
11/07/2019;193;291886.2037600871;215906.6441649457;18655.562250032865
12/07/2019;194;282368.27801969554;351101.8100133648;34689.19641824908
13/07/2019;195;242710.26568991132;207474.83487015977;16658.932167969
14/07/2019;196;223666.42803320487;203342.31540565714;24539.47993057547
15/07/2019;197;209450.1588940262;262528.29423300835;29536.841172721506
16/07/2019;198;183194.89176381673;203583.9644921865;32352.738318734635
17/07/2019;199;278182.4724086636;300887.73223272787;12126.735228112557
18/07/2019;200;102813.47860758197;295035.068716438;61955.44451940646
19/07/2019;201;265894.84688584186;157018.47004473832;1578.0252183313055
20/07/2019;202;293029.09409882565;224734.53283055392;19593.42561286682
21/07/2019;203;241292.58655218786;252247.2915923771;57552.24704254871
22/07/2019;204;77397.7312910083;294031.12993952696;33594.47229996197
23/07/2019;205;234314.8459629141;229804.52076105255;45206.206885064246
24/07/2019;206;231354.50726631042;210720.77850442784;33003.55756953031
25/07/2019;207;0.0;0.0;0.0
26/07/2019;208;0.0;0.0;0.0
27/07/2019;209;0.0;0.0;0.0
28/07/2019;210;0.0;0.0;0.0
29/07/2019;211;0.0;0.0;0.0
30/07/2019;212;0.0;0.0;0.0
31/07/2019;213;0.0;0.0;0.0
01/08/2019;214;0.0;0.0;0.0
02/08/2019;215;0.0;0.0;0.0
03/08/2019;216;0.0;0.0;0.0
04/08/2019;217;0.0;0.0;0.0
05/08/2019;218;0.0;0.0;0.0
06/08/2019;219;0.0;0.0;0.0
07/08/2019;220;0.0;0.0;0.0
08/08/2019;221;0.0;0.0;0.0
09/08/2019;222;0.0;0.0;0.0
10/08/2019;223;0.0;0.0;0.0
11/08/2019;224;0.0;0.0;0.0
12/08/2019;225;0.0;0.0;0.0
13/08/2019;226;0.0;0.0;0.0
14/08/2019;227;0.0;0.0;0.0
15/08/2019;228;0.0;0.0;0.0
16/08/2019;229;0.0;0.0;0.0
17/08/2019;230;0.0;0.0;0.0
18/08/2019;231;0.0;0.0;0.0
19/08/2019;232;0.0;0.0;0.0
20/08/2019;233;0.0;0.0;0.0
21/08/2019;234;0.0;0.0;0.0
22/08/2019;235;0.0;0.0;0.0
23/08/2019;236;0.0;0.0;0.0
24/08/2019;237;0.0;0.0;0.0
25/08/2019;238;0.0;0.0;0.0
26/08/2019;239;0.0;0.0;0.0
27/08/2019;240;0.0;0.0;0.0
28/08/2019;241;0.0;0.0;0.0
29/08/2019;242;0.0;0.0;0.0
30/08/2019;243;0.0;0.0;0.0
31/08/2019;244;0.0;0.0;0.0
01/09/2019;245;0.0;0.0;0.0
02/09/2019;246;0.0;0.0;0.0
03/09/2019;247;0.0;0.0;0.0
04/09/2019;248;0.0;0.0;0.0
05/09/2019;249;0.0;0.0;0.0
06/09/2019;250;0.0;0.0;0.0
07/09/2019;251;0.0;0.0;0.0
08/09/2019;252;0.0;0.0;0.0
09/09/2019;253;0.0;0.0;0.0
10/09/2019;254;0.0;0.0;0.0
11/09/2019;255;0.0;0.0;0.0
12/09/2019;256;0.0;0.0;0.0
13/09/2019;257;0.0;0.0;0.0
14/09/2019;258;0.0;0.0;0.0
15/09/2019;259;0.0;0.0;0.0
16/09/2019;260;0.0;0.0;0.0
17/09/2019;261;0.0;0.0;0.0
18/09/2019;262;0.0;0.0;0.0
19/09/2019;263;0.0;0.0;0.0
20/09/2019;264;0.0;0.0;0.0
21/09/2019;265;0.0;0.0;0.0
22/09/2019;266;0.0;0.0;0.0
23/09/2019;267;0.0;0.0;0.0
24/09/2019;268;0.0;0.0;0.0
25/09/2019;269;0.0;0.0;0.0
26/09/2019;270;0.0;0.0;0.0
27/09/2019;271;0.0;0.0;0.0
28/09/2019;272;0.0;0.0;0.0
29/09/2019;273;0.0;0.0;0.0
30/09/2019;274;0.0;0.0;0.0
01/10/2019;275;0.0;0.0;0.0
02/10/2019;276;0.0;0.0;0.0
03/10/2019;277;0.0;0.0;0.0
04/10/2019;278;0.0;0.0;0.0
05/10/2019;279;0.0;0.0;0.0
06/10/2019;280;0.0;0.0;0.0
07/10/2019;281;0.0;0.0;0.0
08/10/2019;282;0.0;0.0;0.0
09/10/2019;283;0.0;0.0;0.0
10/10/2019;284;0.0;0.0;0.0
11/10/2019;285;0.0;0.0;0.0
12/10/2019;286;0.0;0.0;0.0
13/10/2019;287;0.0;0.0;0.0
14/10/2019;288;0.0;0.0;0.0
15/10/2019;289;30.47931;0.0;0.0
16/10/2019;290;0.0;0.0;0.0
17/10/2019;291;0.0;0.0;0.0
18/10/2019;292;0.0;0.0;0.0
19/10/2019;293;0.0;0.0;0.0
20/10/2019;294;0.0;0.0;0.0
21/10/2019;295;0.0;0.0;0.0
22/10/2019;296;0.0;0.0;0.0
23/10/2019;297;0.0;0.0;0.0
24/10/2019;298;0.0;0.0;0.0
25/10/2019;299;0.0;0.0;0.0
26/10/2019;300;0.0;0.0;0.0
27/10/2019;301;0.0;0.0;0.0
28/10/2019;302;0.0;0.0;0.0
29/10/2019;303;0.0;0.0;0.0
30/10/2019;304;0.0;0.0;0.0
31/10/2019;305;0.0;0.0;0.0
01/11/2019;306;0.0;0.0;0.0
02/11/2019;307;0.0;0.0;0.0
03/11/2019;308;0.0;0.0;0.0
04/11/2019;309;0.0;0.0;0.0
05/11/2019;310;0.0;13146.328;0.0
06/11/2019;311;0.0;20374.969;0.0
07/11/2019;312;0.0;20021.873;0.0
08/11/2019;313;0.0;17534.25;0.0
09/11/2019;314;0.0;21847.484;0.0
10/11/2019;315;0.0;29989.744;0.0
11/11/2019;316;0.0;16080.662;0.0
12/11/2019;317;0.0;23803.082;0.0
13/11/2019;318;0.0;26205.145;0.0
14/11/2019;319;0.0;20719.27;0.0
15/11/2019;320;0.0;17542.188;0.0
16/11/2019;321;0.0;21117.19;0.0
17/11/2019;322;0.0;13469.805;0.0
18/11/2019;323;0.0;17663.48;0.0
19/11/2019;324;0.0;0.0;0.0
20/11/2019;325;0.0;0.0;0.0
21/11/2019;326;0.0;0.0;0.0
22/11/2019;327;0.0;0.0;0.0
23/11/2019;328;0.0;3343.773;0.0
24/11/2019;329;0.0;25597.508;0.0
25/11/2019;330;0.0;23767.125;0.0
26/11/2019;331;1788.1411;29074.479;0.0
27/11/2019;332;0.0;6338.574;0.0
28/11/2019;333;0.0;32333.248;0.0
29/11/2019;334;0.0;0.0;0.0
30/11/2019;335;0.0;0.0;0.0
01/12/2019;336;0.0;0.0;0.0
02/12/2019;337;0.0;0.0;0.0
03/12/2019;338;0.0;0.0;0.0
04/12/2019;339;0.0;0.0;0.0
05/12/2019;340;0.0;0.0;0.0
06/12/2019;341;0.0;0.0;0.0
07/12/2019;342;0.0;0.0;0.0
08/12/2019;343;0.0;3922.2595;0.0
09/12/2019;344;0.0;14320.831;0.0
10/12/2019;345;0.0;18275.408;0.0
11/12/2019;346;0.0;4734.469;0.0
12/12/2019;347;0.0;1279.1376;0.0
13/12/2019;348;15915.627478;34154.54;0.0
14/12/2019;349;126823.84599999999;45453.83;0.0
15/12/2019;350;152738.769;44673.996;0.0
16/12/2019;351;139469.186;37407.355;0.0
17/12/2019;352;158703.461;43299.188;0.0
18/12/2019;353;92290.67599999999;24068.256424;0.0
19/12/2019;354;224937.78188;31787.648;0.0
20/12/2019;355;286723.815;73616.696;0.0
21/12/2019;356;285738.65800000005;70260.555;0.0
22/12/2019;357;301376.588;87549.554;0.0
23/12/2019;358;272960.841;68999.996;0.0
24/12/2019;359;93466.40899999999;56403.13;0.0
25/12/2019;360;127819.285;13892.212;0.0
26/12/2019;361;98863.245059;4091.0935;0.0
27/12/2019;362;78685.422;27469.371;0.0
28/12/2019;363;0.0;45495.066;0.0
29/12/2019;364;23226.027000000002;41095.922999999995;0.0
30/12/2019;365;152744.50543;28928.658;0.0
31/12/2019;366;135917.40209999998;9560.094;0.0
01/01/2020;1;86796.9966;45541.5287;0.0
02/01/2020;2;156597.805;44144.335999999996;0.0
03/01/2020;3;217996.7962;45084.451;0.0
04/01/2020;4;317816.271;91847.375;0.0
05/01/2020;5;287230.38924000005;68384.052;0.0
06/01/2020;6;232152.5561;59837.1233;0.0
07/01/2020;7;262342.734;64367.876000000004;0.0
08/01/2020;8;266005.895;20544.7254;0.0
09/01/2020;9;265657.177;56897.146;0.0
10/01/2020;10;261156.59300000002;47796.117;0.0
11/01/2020;11;301954.4861;34518.164;0.0
12/01/2020;12;321541.9114;56445.832;0.0
13/01/2020;13;304054.501;65378.45;0.0
14/01/2020;14;203797.218;86823.4097;0.0
15/01/2020;15;272270.14660000004;147689.824;0.0
16/01/2020;16;282622.87049999996;139460.03;0.0
17/01/2020;17;37163.054000000004;63013.668;0.0
18/01/2020;18;106979.04000000001;84756.972;0.0
19/01/2020;19;107342.23999999999;74901.65813;0.0
20/01/2020;20;31117.375;66187.21;0.0
21/01/2020;21;11499.053199999998;56596.26;0.0
22/01/2020;22;117622.0542;55417.176;0.0
23/01/2020;23;132295.876;41605.81;0.0
24/01/2020;24;0.0;42856.57;0.0
25/01/2020;25;0.0;50605.723;0.0
26/01/2020;26;0.0;50218.938;0.0
27/01/2020;27;0.0;34556.465;0.0
28/01/2020;28;0.0;0.0;0.0
29/01/2020;29;0.0;0.0;0.0
30/01/2020;30;5893.295;0.0;0.0
31/01/2020;31;35882.25882;606.32025;0.0
01/02/2020;32;37101.423131;20507.322;0.0
02/02/2020;33;47314.251547;37441.668;0.0
03/02/2020;34;15844.478873;88262.07699999999;0.0
04/02/2020;35;0.0;16893.66;0.0
05/02/2020;36;0.0;0.0;0.0
06/02/2020;37;0.0;358.30536;0.0
07/02/2020;38;0.0;0.0;0.0
08/02/2020;39;0.0;0.0;0.0
09/02/2020;40;0.0;0.0;0.0
10/02/2020;41;0.0;0.0;0.0
11/02/2020;42;0.0;9738.496;0.0
12/02/2020;43;0.0;11048.807;0.0
13/02/2020;44;1518.675;0.0;0.0
14/02/2020;45;5359.06;26506.166;0.0
15/02/2020;46;38882.203;30494.46;0.0
16/02/2020;47;38021.797;19779.57228;0.0
17/02/2020;48;11122.753081300001;27631.8545;0.0
18/02/2020;49;0.0;0.0;0.0
19/02/2020;50;0.036660075;0.0;0.0
20/02/2020;51;0.0;0.0;0.0
21/02/2020;52;55.108402;0.0;0.0
22/02/2020;53;63671.939;0.0;0.0
23/02/2020;54;42154.94;26297.102;0.0
24/02/2020;55;15221.521789999999;0.0;0.0
25/02/2020;56;23900.432;0.0;0.0
26/02/2020;57;59380.168;0.0;0.0
27/02/2020;58;64447.57;0.0;0.0
28/02/2020;59;72437.8824;0.0;0.0
29/02/2020;60;123210.04000000001;1887.1647;0.0
01/03/2020;61;119494.332;9937.627;0.0
02/03/2020;62;99718.052;0.0;0.0
03/03/2020;63;104603.56;0.0;0.0
04/03/2020;64;89616.45999999999;0.0;0.0
05/03/2020;65;39205.860759999996;1279.5847;0.0
06/03/2020;66;15695.761;34962.164;0.0
07/03/2020;67;0.0;37030.47;0.0
08/03/2020;68;0.0;37877.152;0.0
09/03/2020;69;0.0;7.712222;0.0
10/03/2020;70;0.0;650.2658;0.0
11/03/2020;71;0.0;0.0;0.0
12/03/2020;72;0.0;0.0;0.0
13/03/2020;73;0.0;0.0;0.0
14/03/2020;74;28455.588;11899.629;0.0
15/03/2020;75;25252.11;37784.703;0.0
16/03/2020;76;0.0;30390.62;0.0
17/03/2020;77;0.0;0.0;0.0
18/03/2020;78;64230.66;0.0;0.0
19/03/2020;79;41513.83;0.0;0.0
20/03/2020;80;6256.3657;0.0;0.0
21/03/2020;81;47847.383;0.0;0.0
22/03/2020;82;48191.06;0.0;0.0
23/03/2020;83;41671.06;0.0;0.0
24/03/2020;84;14032.239;0.0;0.0
25/03/2020;85;0.0;0.0;0.0
26/03/2020;86;0.0;0.0;0.0
27/03/2020;87;0.0;0.0;0.0
28/03/2020;88;51909.88;0.0;0.0
29/03/2020;89;0.0;0.0;0.0
30/03/2020;90;0.0;0.0;0.0
31/03/2020;91;0.0;0.0;0.0
01/04/2020;92;0.0;0.0;0.0
02/04/2020;93;35856.21634;0.0;0.0
03/04/2020;94;66776.37342;0.0;0.0
04/04/2020;95;117078.26;0.0;0.0
05/04/2020;96;83164.064;0.0;0.0
06/04/2020;97;12129.1418608;0.0;0.0
07/04/2020;98;61144.49085;0.0;0.0
08/04/2020;99;0.0;0.0;0.0
09/04/2020;100;0.0;0.0;0.0
10/04/2020;101;14753.956;0.0;0.0
11/04/2020;102;48404.152;0.0;0.0
12/04/2020;103;13652.7295;0.0;0.0
13/04/2020;104;0.0;0.0;0.0
14/04/2020;105;0.0;0.0;0.0
15/04/2020;106;0.0;0.0;0.0
16/04/2020;107;0.0;0.0;0.0
17/04/2020;108;0.0;0.0;0.0
18/04/2020;109;0.0;0.0;0.0
19/04/2020;110;0.0;0.0;0.0
20/04/2020;111;0.0;0.0;0.0
21/04/2020;112;0.0;0.0;0.0
22/04/2020;113;0.0;0.0;0.0
23/04/2020;114;0.0;0.0;0.0
24/04/2020;115;0.0;0.0;0.0
25/04/2020;116;0.0;0.0;0.0
26/04/2020;117;0.0;0.0;0.0
27/04/2020;118;0.0;0.0;0.0
28/04/2020;119;0.0;0.0;0.0
29/04/2020;120;0.0;0.0;0.0
30/04/2020;121;0.0;0.0;0.0
01/05/2020;122;16308.59228404073;0.0;0.0
02/05/2020;123;32232.723574628457;688.0724826102589;0.0
03/05/2020;124;912.7767810991169;36960.73853814589;0.0
04/05/2020;125;0.0;0.0;0.0
05/05/2020;126;0.0;0.0;0.0
06/05/2020;127;0.0;489.4883822106304;48593.08462708822
07/05/2020;128;0.0;36796.62670061771;34934.989987804205
08/05/2020;129;37521.8124581841;942.6639294092969;0.0
09/05/2020;130;0.0;36117.47939217261;0.0
10/05/2020;131;0.0;31056.507589476187;867.3435802646454
11/05/2020;132;17658.932084669963;20119.22411594453;0.0
12/05/2020;133;0.0;36421.064676597736;0.0
13/05/2020;134;142.2464022722673;36378.44369047061;0.0
14/05/2020;135;0.0;290.0719705615394;0.0
15/05/2020;136;39873.783535037874;860.5211753500824;0.0
16/05/2020;137;11665.69151281193;25898.74521729032;0.0
17/05/2020;138;0.0;30135.746731322895;0.0
18/05/2020;139;40618.1117119517;10816.078474838709;18122.81603164118
19/05/2020;140;53017.21708209885;267828.34939269;0.0
20/05/2020;141;51303.62556981855;153778.80875635217;11093.265741257705
21/05/2020;142;0.0;63221.016965712406;0.0
22/05/2020;143;118217.67977807377;11015.686131207853;0.0
23/05/2020;144;52064.03465399466;49998.470232717635;11679.786195139592
24/05/2020;145;38044.853795637515;16077.593178896283;0.0
25/05/2020;146;66927.25033602984;80277.3250777075;0.0
26/05/2020;147;192763.54664408008;23076.062566044347;0.0
27/05/2020;148;0.0;122889.21904811784;19019.55790971526
28/05/2020;149;12564.78688927923;88338.57524012531;0.0
29/05/2020;150;78252.09990263736;40865.83850865327;0.0
30/05/2020;151;74561.62888132452;125603.63338768994;0.0
31/05/2020;152;195308.27230062473;152346.89182991176;41557.56062452612
01/06/2020;153;257426.08325357692;178833.4838190365;0.0
02/06/2020;154;191837.96888064593;103503.22552129874;78314.28432529638
03/06/2020;155;179299.8711861334;373529.46714668086;25169.55885228863
04/06/2020;156;226448.9425376192;283701.5803381716;6002.672837234644
05/06/2020;157;331871.3958118934;214687.50752669055;25212.26799722844
06/06/2020;158;134444.69038033095;139883.80490136403;50705.26917485939
07/06/2020;159;237495.3574626931;254428.86135020974;40479.612975682496
08/06/2020;160;179166.45733756505;253818.4334665284;0.0
09/06/2020;161;224155.25247195113;144051.72855000285;43554.82223477069
10/06/2020;162;231936.23977060933;119436.7069566701;15902.691685256854
11/06/2020;163;216550.92764357635;259470.35327728014;34918.37971056682
12/06/2020;164;110888.786442955;219486.74938062084;7364.665016517255
13/06/2020;165;160858.62462352455;156359.82674746413;0.0
14/06/2020;166;71061.43610688459;229177.8610364544;0.0
15/06/2020;167;176388.4049819127;222300.1707782047;9860.659255655944
16/06/2020;168;162673.97784407376;261711.25355902736;19799.65656439781
17/06/2020;169;223082.09669714145;239795.45567808204;20967.313329272678
18/06/2020;170;201743.38373691853;327923.5792368967;17071.51239377523
19/06/2020;171;188656.75131154273;282316.86402318004;31957.895999063177
20/06/2020;172;294240.13396945124;171814.69755494612;25098.455789991684
21/06/2020;173;246174.19780170984;161401.89518042482;24648.54741586069
22/06/2020;174;187884.78588224284;309604.4305354097;20059.693285788846
23/06/2020;175;205007.0184084107;184181.39942122955;25709.80465630187
24/06/2020;176;213067.0455623109;175326.18258686617;30668.42691130241
25/06/2020;177;166800.94505579933;221881.82002498882;44418.39235661102
26/06/2020;178;186214.92572585188;217754.37809195387;17720.16045986423
27/06/2020;179;284653.8506413682;290155.05367007654;53766.41711719204
28/06/2020;180;217237.95722283155;250881.4388956739;40651.10852104919
29/06/2020;181;153230.32189108877;243230.45564941532;0.0
30/06/2020;182;257839.1668330204;329126.97564129846;28131.585811329063
01/07/2020;183;201183.70100873098;331382.2222249113;56101.1419175591
02/07/2020;184;269477.23996136535;320947.36145326804;54859.57111242991
03/07/2020;185;293182.7772674015;272488.72336348874;41458.4258382061
04/07/2020;186;278480.4667079677;324877.4380968354;34198.57781615583
05/07/2020;187;242368.38135474498;218171.3906781118;47294.55325856732
06/07/2020;188;246353.6540987286;346655.4289240124;17001.640283481996
07/07/2020;189;190410.97200692716;307457.97461975954;19172.373255360028
08/07/2020;190;218257.98331153172;258105.33133924598;20371.37765925643
09/07/2020;191;211625.13538421504;340880.31883860094;18020.29311598076
10/07/2020;192;245867.1288249786;258277.5042543152;0.0
11/07/2020;193;230553.55142078694;419458.67624520836;45524.02725556695
12/07/2020;194;194485.61615148754;334129.40528055234;23430.959511035475
13/07/2020;195;222174.41040306378;199026.40815151675;35882.59577163126
14/07/2020;196;250328.31165515882;243652.7279203907;17933.503003838865
15/07/2020;197;194335.25642205705;265958.61579155724;39701.20246159251
16/07/2020;198;251380.40550925574;312096.1907007817;0.0
17/07/2020;199;299141.88254675677;321049.76801756513;15573.962407501185
18/07/2020;200;165909.17084572968;193896.72589799622;26418.96396366812
19/07/2020;201;218573.58600718397;221627.88766908122;17474.34668888223
20/07/2020;202;265717.50493321626;137309.72526294237;36647.461873465036
21/07/2020;203;125182.31350214654;317795.35327148926;34798.25660332862
22/07/2020;204;269015.668139803;248312.31567454507;18696.494026936813
23/07/2020;205;167582.06304027198;200881.70198638598;0.0
24/07/2020;206;196136.46169737377;278394.3087111073;35698.866994248594
25/07/2020;207;0.0;0.0;0.0
26/07/2020;208;0.0;0.0;0.0
27/07/2020;209;0.0;0.0;0.0
28/07/2020;210;0.0;0.0;0.0
29/07/2020;211;0.0;0.0;0.0
30/07/2020;212;0.0;0.0;0.0
31/07/2020;213;0.0;0.0;0.0
01/08/2020;214;0.0;0.0;0.0
02/08/2020;215;0.0;0.0;0.0
03/08/2020;216;0.0;0.0;0.0
04/08/2020;217;0.0;0.0;0.0
05/08/2020;218;0.0;0.0;0.0
06/08/2020;219;0.0;0.0;0.0
07/08/2020;220;0.0;0.0;0.0
08/08/2020;221;0.0;0.0;0.0
09/08/2020;222;0.0;0.0;0.0
10/08/2020;223;0.0;0.0;0.0
11/08/2020;224;0.0;0.0;0.0
12/08/2020;225;0.0;0.0;0.0
13/08/2020;226;0.0;0.0;0.0
14/08/2020;227;0.0;0.0;0.0
15/08/2020;228;0.0;0.0;0.0
16/08/2020;229;0.0;0.0;0.0
17/08/2020;230;0.0;0.0;0.0
18/08/2020;231;0.0;0.0;0.0
19/08/2020;232;0.0;0.0;0.0
20/08/2020;233;0.0;0.0;0.0
21/08/2020;234;0.0;0.0;0.0
22/08/2020;235;0.0;0.0;0.0
23/08/2020;236;0.0;0.0;0.0
24/08/2020;237;0.0;0.0;0.0
25/08/2020;238;0.0;0.0;0.0
26/08/2020;239;0.0;0.0;0.0
27/08/2020;240;0.0;0.0;0.0
28/08/2020;241;0.0;0.0;0.0
29/08/2020;242;0.0;0.0;0.0
30/08/2020;243;0.0;0.0;0.0
31/08/2020;244;0.0;0.0;0.0
01/09/2020;245;801.0;0.0;0.0
02/09/2020;246;0.0;0.0;0.0
03/09/2020;247;0.0;0.0;0.0
04/09/2020;248;0.0;0.0;0.0
05/09/2020;249;0.0;0.0;0.0
06/09/2020;250;0.0;0.0;0.0
07/09/2020;251;0.0;0.0;0.0
08/09/2020;252;0.0;0.0;0.0
09/09/2020;253;0.0;0.0;0.0
10/09/2020;254;0.0;0.0;0.0
11/09/2020;255;0.0;0.0;0.0
12/09/2020;256;0.0;0.0;0.0
13/09/2020;257;0.0;0.0;0.0
14/09/2020;258;0.0;0.0;0.0
15/09/2020;259;0.0;0.0;0.0
16/09/2020;260;0.0;0.0;0.0
17/09/2020;261;1689.0;0.0;0.0
18/09/2020;262;0.0;0.0;0.0
19/09/2020;263;0.0;0.0;0.0
20/09/2020;264;0.0;0.0;0.0
21/09/2020;265;0.0;0.0;0.0
22/09/2020;266;0.0;0.0;0.0
23/09/2020;267;0.0;0.0;0.0
24/09/2020;268;0.0;0.0;0.0
25/09/2020;269;0.0;0.0;0.0
26/09/2020;270;0.0;0.0;0.0
27/09/2020;271;0.0;0.0;0.0
28/09/2020;272;0.0;0.0;0.0
29/09/2020;273;0.0;0.0;0.0
30/09/2020;274;0.0;0.0;0.0
01/10/2020;275;0.0;0.0;0.0
02/10/2020;276;0.0;0.0;0.0
03/10/2020;277;0.0;0.0;0.0
04/10/2020;278;0.0;0.0;0.0
05/10/2020;279;0.0;0.0;0.0
06/10/2020;280;0.0;0.0;0.0
07/10/2020;281;0.0;0.0;0.0
08/10/2020;282;0.0;0.0;0.0
09/10/2020;283;0.0;0.0;0.0
10/10/2020;284;0.0;0.0;0.0
11/10/2020;285;0.0;0.0;0.0
12/10/2020;286;31692.0;0.0;0.0
13/10/2020;287;0.0;0.0;0.0
14/10/2020;288;0.0;0.0;0.0
15/10/2020;289;0.0;0.0;0.0
16/10/2020;290;0.0;135.0;0.0
17/10/2020;291;0.0;0.0;0.0
18/10/2020;292;0.0;0.0;0.0
19/10/2020;293;0.0;0.0;0.0
20/10/2020;294;0.0;0.0;0.0
21/10/2020;295;0.0;0.0;0.0
22/10/2020;296;0.0;0.0;0.0
23/10/2020;297;0.0;0.0;0.0
24/10/2020;298;0.0;0.0;0.0
25/10/2020;299;0.0;0.0;0.0
26/10/2020;300;0.0;0.0;0.0
27/10/2020;301;0.0;0.0;0.0
28/10/2020;302;0.0;0.0;0.0
29/10/2020;303;0.0;0.0;0.0
30/10/2020;304;0.0;0.0;0.0
31/10/2020;305;0.0;0.0;0.0
01/11/2020;306;0.0;0.0;0.0
02/11/2020;307;0.0;0.0;0.0
03/11/2020;308;0.0;0.0;0.0
04/11/2020;309;0.0;0.0;0.0
05/11/2020;310;0.0;0.0;0.0
06/11/2020;311;0.0;0.0;0.0
07/11/2020;312;0.0;0.0;0.0
08/11/2020;313;0.0;0.0;0.0
09/11/2020;314;0.0;0.0;0.0
10/11/2020;315;0.0;0.0;0.0
11/11/2020;316;0.0;0.0;0.0
12/11/2020;317;0.0;0.0;0.0
13/11/2020;318;0.0;0.0;0.0
14/11/2020;319;0.0;0.0;0.0
15/11/2020;320;0.0;0.0;0.0
16/11/2020;321;0.0;0.0;0.0
17/11/2020;322;0.0;0.0;0.0
18/11/2020;323;0.0;0.0;0.0
19/11/2020;324;0.0;0.0;0.0
20/11/2020;325;0.0;0.0;0.0
21/11/2020;326;0.0;0.0;0.0
22/11/2020;327;0.0;0.0;0.0
23/11/2020;328;0.0;0.0;0.0
24/11/2020;329;0.0;0.0;0.0
25/11/2020;330;0.0;0.0;0.0
26/11/2020;331;0.0;0.0;0.0
27/11/2020;332;0.0;0.0;0.0
28/11/2020;333;0.0;0.0;0.0
29/11/2020;334;0.0;0.0;0.0
30/11/2020;335;0.0;0.0;0.0
01/12/2020;336;0.0;0.0;0.0
02/12/2020;337;0.0;2306.0;0.0
03/12/2020;338;109.0;46757.0;0.0
04/12/2020;339;0.0;22406.0;0.0
05/12/2020;340;0.0;27406.0;0.0
06/12/2020;341;0.0;0.0;0.0
07/12/2020;342;0.0;0.0;0.0
08/12/2020;343;0.0;0.0;0.0
09/12/2020;344;4682.0;278.0;0.0
10/12/2020;345;34145.0;24681.0;0.0
11/12/2020;346;52287.0;47769.0;0.0
12/12/2020;347;65552.0;96070.0;0.0
13/12/2020;348;64064.0;130554.0;0.0
14/12/2020;349;25934.0;86049.0;0.0
15/12/2020;350;0.0;20135.0;0.0
16/12/2020;351;150.0;0.0;0.0
17/12/2020;352;0.0;0.0;0.0
18/12/2020;353;0.0;0.0;0.0
19/12/2020;354;0.0;0.0;0.0
20/12/2020;355;0.0;0.0;0.0
21/12/2020;356;0.0;0.0;0.0
22/12/2020;357;0.0;0.0;0.0
23/12/2020;358;0.0;0.0;0.0
24/12/2020;359;0.0;0.0;0.0
25/12/2020;360;7851.0;0.0;0.0
26/12/2020;361;64464.0;0.0;0.0
27/12/2020;362;71444.0;0.0;0.0
28/12/2020;363;1263.0;0.0;0.0
29/12/2020;364;0.0;0.0;0.0
30/12/2020;365;0.0;0.0;0.0
31/12/2020;366;0.0;0.0;0.0
01/01/2021;1;0.0;0.0;0.0
02/01/2021;2;0.0;3688.0;0.0
03/01/2021;3;0.0;6086.0;0.0
04/01/2021;4;0.0;0.0;0.0
05/01/2021;5;19276.0;0.0;0.0
06/01/2021;6;37809.0;25642.0;0.0
07/01/2021;7;35859.0;98497.0;0.0
08/01/2021;8;48401.0;102080.0;0.0
09/01/2021;9;0.0;75703.0;0.0
10/01/2021;10;0.0;61773.0;0.0
11/01/2021;11;13471.0;78244.0;36196.0
12/01/2021;12;18240.0;71119.0;73177.0
13/01/2021;13;37314.0;98872.0;74745.0
14/01/2021;14;6411.0;96376.0;73710.0
15/01/2021;15;0.0;23123.0;23580.0
16/01/2021;16;0.0;0.0;0.0
17/01/2021;17;0.0;0.0;0.0
18/01/2021;18;7731.0;0.0;0.0
19/01/2021;19;4555.0;0.0;0.0
20/01/2021;20;0.0;9150.0;0.0
21/01/2021;21;0.0;37761.0;0.0
22/01/2021;22;0.0;132204.0;0.0
23/01/2021;23;0.0;196555.0;0.0
24/01/2021;24;0.0;299984.0;0.0
25/01/2021;25;17276.0;235047.0;0.0
26/01/2021;26;39387.0;63810.0;0.0
27/01/2021;27;39406.0;61531.0;0.0
28/01/2021;28;39396.0;98653.0;0.0
29/01/2021;29;19179.0;164240.0;0.0
30/01/2021;30;22824.0;260275.0;0.0
31/01/2021;31;16738.0;376588.0;0.0
01/02/2021;32;0.0;251577.0;0.0
02/02/2021;33;12446.0;335977.0;0.0
03/02/2021;34;33963.0;310460.0;0.0
04/02/2021;35;0.0;355559.0;0.0
05/02/2021;36;0.0;498545.0;0.0
06/02/2021;37;0.0;368914.0;0.0
07/02/2021;38;0.0;250453.0;0.0
08/02/2021;39;0.0;181884.0;0.0
09/02/2021;40;0.0;140025.0;0.0
10/02/2021;41;0.0;114868.0;0.0
11/02/2021;42;0.0;159652.0;0.0
12/02/2021;43;0.0;91020.0;0.0
13/02/2021;44;0.0;79838.0;0.0
14/02/2021;45;0.0;23661.0;0.0
15/02/2021;46;0.0;0.0;0.0
16/02/2021;47;0.0;0.0;0.0
17/02/2021;48;0.0;251873.0;0.0
18/02/2021;49;0.0;28630.0;0.0
19/02/2021;50;0.0;0.0;0.0
20/02/2021;51;0.0;0.0;0.0
21/02/2021;52;0.0;0.0;0.0
22/02/2021;53;0.0;0.0;0.0
23/02/2021;54;0.0;0.0;0.0
24/02/2021;55;0.0;0.0;0.0
25/02/2021;56;0.0;0.0;0.0
26/02/2021;57;0.0;0.0;0.0
27/02/2021;58;0.0;0.0;0.0
28/02/2021;59;0.0;0.0;0.0
nan;60;0.0;0.0;0.0
01/03/2021;61;0.0;0.0;0.0
02/03/2021;62;0.0;0.0;0.0
03/03/2021;63;0.0;0.0;0.0
04/03/2021;64;0.0;0.0;0.0
05/03/2021;65;0.0;67939.0;0.0
06/03/2021;66;0.0;176885.0;0.0
07/03/2021;67;0.0;57833.0;0.0
08/03/2021;68;0.0;28236.0;0.0
09/03/2021;69;15705.0;0.0;0.0
10/03/2021;70;99729.0;24650.0;17325.0
11/03/2021;71;66841.0;72694.0;58895.0
12/03/2021;72;63211.0;122791.0;54735.0
13/03/2021;73;91756.0;205025.0;0.0
14/03/2021;74;73975.0;209884.0;0.0
15/03/2021;75;38608.0;5548.0;0.0
16/03/2021;76;60318.0;0.0;44899.0
17/03/2021;77;45129.0;61067.0;70453.0
18/03/2021;78;15105.0;97095.0;51247.0
19/03/2021;79;23773.0;83674.0;0.0
20/03/2021;80;0.0;122048.0;0.0
21/03/2021;81;0.0;74258.0;0.0
22/03/2021;82;0.0;0.0;7126.0
23/03/2021;83;52686.0;20626.0;66548.0
24/03/2021;84;59969.0;90624.0;70374.0
25/03/2021;85;114096.0;140972.0;8042.0
26/03/2021;86;54955.0;213251.0;0.0
27/03/2021;87;103369.0;160333.0;0.0
28/03/2021;88;78912.0;141884.0;0.0
29/03/2021;89;36726.0;59186.0;0.0
30/03/2021;90;94260.0;376739.0;80332.0
31/03/2021;91;141575.0;35955.0;83832.0
01/04/2021;92;108302.0;55461.0;21807.0
02/04/2021;93;88904.0;57317.0;80307.0
03/04/2021;94;38093.0;62968.0;93188.0
04/04/2021;95;97693.0;181707.0;34196.0
05/04/2021;96;26971.0;61456.0;0.0
06/04/2021;97;86128.0;0.0;0.0
07/04/2021;98;104916.0;0.0;0.0
08/04/2021;99;0.0;0.0;0.0
09/04/2021;100;0.0;0.0;0.0
10/04/2021;101;49832.0;0.0;0.0
11/04/2021;102;125468.0;0.0;0.0
12/04/2021;103;95694.0;0.0;0.0
13/04/2021;104;0.0;0.0;0.0
14/04/2021;105;24223.0;0.0;0.0
15/04/2021;106;15061.0;0.0;0.0
16/04/2021;107;0.0;0.0;0.0
17/04/2021;108;0.0;0.0;0.0
18/04/2021;109;134.0;0.0;0.0
19/04/2021;110;0.0;0.0;0.0
20/04/2021;111;79.0;0.0;0.0
21/04/2021;112;105679.0;0.0;0.0
22/04/2021;113;153569.0;0.0;0.0
23/04/2021;114;173205.0;0.0;0.0
24/04/2021;115;113125.0;0.0;0.0
25/04/2021;116;0.0;0.0;0.0
26/04/2021;117;650.0;0.0;0.0
27/04/2021;118;0.0;0.0;0.0
28/04/2021;119;0.0;0.0;0.0
29/04/2021;120;0.0;0.0;0.0
30/04/2021;121;0.0;0.0;0.0
01/05/2021;122;33828.74938611873;13779.917421819035;0.0
02/05/2021;123;0.0;71876.55749340888;0.0
03/05/2021;124;0.0;966.4070507564447;32365.43055404148
04/05/2021;125;532.0898168848685;21677.004417112606;0.0
05/05/2021;126;13384.23162683291;33057.818979454794;0.0
06/05/2021;127;31943.73152291647;0.0;0.0
07/05/2021;128;0.0;31595.199826364573;187.2645080493831
08/05/2021;129;0.0;0.0;0.0
09/05/2021;130;79511.79282686835;0.0;0.0
10/05/2021;131;0.0;38345.51830511689;0.0
11/05/2021;132;0.0;16485.420889448873;0.0
12/05/2021;133;0.0;36278.828955495475;0.0
13/05/2021;134;673.510632358311;0.0;12595.498700377504
14/05/2021;135;14080.463758826536;12683.966252885824;0.0
15/05/2021;136;0.0;70815.96517706;0.0
16/05/2021;137;0.0;0.0;0.0
17/05/2021;138;87418.03127384653;167720.96953252263;0.0
18/05/2021;139;0.0;0.0;18199.868739822214
19/05/2021;140;46698.86104047287;98125.44214404878;14990.307662044303
20/05/2021;141;60588.915222927484;93106.39568873914;24566.963047430254
21/05/2021;142;0.0;3871.2402616469435;0.0
22/05/2021;143;52517.989837953006;94481.43268121046;0.0
23/05/2021;144;18239.336375725685;88387.94694597756;0.0
24/05/2021;145;83243.6517465894;130070.7953137733;0.0
25/05/2021;146;91292.76071179681;31493.78269305826;0.0
26/05/2021;147;0.0;47520.34469438277;18945.93843292707
27/05/2021;148;0.0;17997.055961443602;0.0
28/05/2021;149;0.0;34384.568416094975;0.0
29/05/2021;150;38846.33064480186;63190.59657058501;75196.82151043537
30/05/2021;151;96015.57355248145;20843.73882766469;0.0
31/05/2021;152;123635.2676035911;146632.5650375113;171060.53120454773
01/06/2021;153;241121.32613191238;517444.6726866343;0.0
02/06/2021;154;173354.74411513205;205375.47750616504;0.0
03/06/2021;155;201792.6625816779;280550.9410988738;0.0
04/06/2021;156;161770.2397885996;309577.544557874;0.0
05/06/2021;157;291373.71571052854;309537.4373152747;42404.52199311822
06/06/2021;158;55964.94535067242;254162.90482913118;963.077792648335
07/06/2021;159;305403.18121100846;356945.2706187976;0.0
08/06/2021;160;108497.90015014123;250820.0899890084;176636.34665571476
09/06/2021;161;174013.47700799743;344824.6189700692;0.0
10/06/2021;162;268132.6694295264;393033.34638649295;37189.974064209484
11/06/2021;163;127718.98850426049;159928.23316334124;0.0
12/06/2021;164;391791.631365289;263637.04852891935;21533.967840068428
13/06/2021;165;46824.807678701065;135196.87280442368;14387.321746468435
14/06/2021;166;117173.33702297646;141161.63270924296;0.0
15/06/2021;167;230206.80667776;222560.51318179705;31683.134951796303
16/06/2021;168;145208.48225355794;207138.641365974;0.0
17/06/2021;169;227347.1705886881;223279.90377256743;5287.330716927796
18/06/2021;170;228709.22251998194;271060.7917368249;17190.50410854739
19/06/2021;171;239045.69697322414;249908.02477464278;0.0
20/06/2021;172;262185.0318181464;199070.59607059986;785.4609623004969
21/06/2021;173;260226.08944664086;165102.59035944255;18979.47160894155
22/06/2021;174;179806.78835096527;244707.78796655787;24674.83171591344
23/06/2021;175;206271.1117048697;209628.27741187837;15234.47736163907
24/06/2021;176;205800.12999060692;160466.06250593095;16975.8434289037
25/06/2021;177;187671.04591513413;244500.33139962782;32834.48565463325
26/06/2021;178;219661.2230965026;264218.4379128874;19767.133875039908
27/06/2021;179;215418.38543191963;296499.555372641;28284.748221764014
28/06/2021;180;186686.590681629;252109.05295608338;42265.25794175481
29/06/2021;181;153914.77139645192;225375.8502517609;41985.76875945107
30/06/2021;182;229203.88998492341;417382.264446848;14866.05228227645
01/07/2021;183;179127.4369144304;316098.01763370086;4109.337663364875
02/07/2021;184;340071.0890524808;280055.6321891764;1179.9169929294517
03/07/2021;185;190073.74618894915;362333.09683113644;3493.20963500547
04/07/2021;186;280736.29017204186;332634.75806313095;7469.160969183512
05/07/2021;187;230936.0891302222;263595.25610321853;0.0
06/07/2021;188;233503.7825502982;247103.50550320736;22167.74440372894
07/07/2021;189;270901.13860158634;348540.66689211584;19593.436608336724
08/07/2021;190;301160.23914514284;274930.98172413174;19899.944649794998
09/07/2021;191;243007.31585621828;295684.11004159926;35702.23945089819
10/07/2021;192;254685.2042566466;298283.4002690488;0.0
11/07/2021;193;306464.362304024;273018.0163180962;49994.39198443186
12/07/2021;194;276442.99769387086;234068.8366664304;35420.173963797875
13/07/2021;195;233514.93675468102;282444.30788885406;22045.710615523487
14/07/2021;196;226839.02766355552;232322.85082655665;17551.10806089182
15/07/2021;197;287758.56494000973;146545.26310539088;76.83701118590915
16/07/2021;198;149969.02770707273;327108.70087299845;35620.05766373969
17/07/2021;199;70612.86813458477;172957.04997038213;2071.86420596021
18/07/2021;200;176071.81957372418;231501.24187049197;0.0
19/07/2021;201;180438.247146431;158769.517712764;406.5420082130981
20/07/2021;202;203109.69581880452;332480.6404007941;34588.46884349544
21/07/2021;203;146114.5277681965;362149.5367003179;0.0
22/07/2021;204;206846.44655847328;183365.88996062664;25234.3344963071
23/07/2021;205;133946.60225963293;225090.28903822732;14524.401539867444
24/07/2021;206;171185.9818339334;262886.6519700288;35039.57284702899
25/07/2021;207;0.0;0.0;0.0
26/07/2021;208;0.0;0.0;0.0
27/07/2021;209;0.0;0.0;0.0
28/07/2021;210;0.0;0.0;0.0
29/07/2021;211;0.0;0.0;0.0
30/07/2021;212;0.0;0.0;0.0
31/07/2021;213;0.0;0.0;0.0
01/08/2021;214;0.0;0.0;0.0
02/08/2021;215;0.0;0.0;0.0
03/08/2021;216;0.0;0.0;0.0
04/08/2021;217;0.0;0.0;0.0
05/08/2021;218;0.0;0.0;0.0
06/08/2021;219;0.0;0.0;0.0
07/08/2021;220;0.0;0.0;0.0
08/08/2021;221;0.0;0.0;0.0
09/08/2021;222;0.0;0.0;0.0
10/08/2021;223;0.0;0.0;0.0
11/08/2021;224;0.0;0.0;0.0
12/08/2021;225;0.0;0.0;0.0
13/08/2021;226;0.0;0.0;0.0
14/08/2021;227;0.0;0.0;0.0
15/08/2021;228;0.0;0.0;0.0
16/08/2021;229;0.0;0.0;0.0
17/08/2021;230;0.0;0.0;0.0
18/08/2021;231;0.0;0.0;0.0
19/08/2021;232;0.0;0.0;0.0
20/08/2021;233;0.0;0.0;0.0
21/08/2021;234;0.0;0.0;0.0
22/08/2021;235;0.0;0.0;0.0
23/08/2021;236;0.0;0.0;0.0
24/08/2021;237;0.0;0.0;0.0
25/08/2021;238;0.0;0.0;0.0
26/08/2021;239;0.0;0.0;0.0
27/08/2021;240;0.0;0.0;0.0
28/08/2021;241;0.0;0.0;0.0
29/08/2021;242;0.0;0.0;0.0
30/08/2021;243;0.0;0.0;0.0
31/08/2021;244;0.0;0.0;0.0
01/09/2021;245;0.0;0.0;0.0
02/09/2021;246;0.0;0.0;0.0
03/09/2021;247;0.0;0.0;0.0
04/09/2021;248;0.0;0.0;0.0
05/09/2021;249;0.0;0.0;0.0
06/09/2021;250;0.0;0.0;0.0
07/09/2021;251;358.0;0.0;0.0
08/09/2021;252;0.0;0.0;0.0
09/09/2021;253;0.0;0.0;0.0
10/09/2021;254;0.0;0.0;0.0
11/09/2021;255;0.0;0.0;0.0
12/09/2021;256;0.0;0.0;0.0
13/09/2021;257;0.0;0.0;0.0
14/09/2021;258;0.0;0.0;0.0
15/09/2021;259;0.0;0.0;0.0
16/09/2021;260;0.0;0.0;0.0
17/09/2021;261;0.0;0.0;0.0
18/09/2021;262;0.0;0.0;0.0
19/09/2021;263;0.0;0.0;0.0
20/09/2021;264;0.0;0.0;0.0
21/09/2021;265;0.0;0.0;0.0
22/09/2021;266;0.0;0.0;0.0
23/09/2021;267;0.0;0.0;0.0
24/09/2021;268;0.0;0.0;0.0
25/09/2021;269;0.0;0.0;0.0
26/09/2021;270;0.0;0.0;0.0
27/09/2021;271;0.0;0.0;0.0
28/09/2021;272;0.0;0.0;0.0
29/09/2021;273;0.0;0.0;0.0
30/09/2021;274;0.0;0.0;0.0
01/10/2021;275;0.0;0.0;0.0
02/10/2021;276;0.0;0.0;0.0
03/10/2021;277;0.0;0.0;0.0
04/10/2021;278;0.0;0.0;0.0
05/10/2021;279;0.0;0.0;0.0
06/10/2021;280;0.0;0.0;0.0
07/10/2021;281;0.0;0.0;0.0
08/10/2021;282;0.0;0.0;0.0
09/10/2021;283;0.0;0.0;0.0
10/10/2021;284;0.0;0.0;0.0
11/10/2021;285;0.0;0.0;0.0
12/10/2021;286;0.0;0.0;0.0
13/10/2021;287;0.0;0.0;0.0
14/10/2021;288;0.0;0.0;0.0
15/10/2021;289;0.0;0.0;0.0
16/10/2021;290;0.0;0.0;0.0
17/10/2021;291;0.0;0.0;0.0
18/10/2021;292;0.0;0.0;0.0
19/10/2021;293;0.0;0.0;0.0
20/10/2021;294;0.0;0.0;0.0
21/10/2021;295;0.0;0.0;0.0
22/10/2021;296;0.0;0.0;0.0
23/10/2021;297;0.0;0.0;0.0
24/10/2021;298;0.0;0.0;0.0
25/10/2021;299;192.0;0.0;0.0
26/10/2021;300;0.0;0.0;0.0
27/10/2021;301;0.0;0.0;0.0
28/10/2021;302;0.0;0.0;0.0
29/10/2021;303;0.0;0.0;0.0
30/10/2021;304;0.0;0.0;0.0
31/10/2021;305;0.0;0.0;0.0
01/11/2021;306;0.0;0.0;0.0
02/11/2021;307;0.0;0.0;0.0
03/11/2021;308;0.0;0.0;0.0
04/11/2021;309;0.0;-1822467.0;0.0
05/11/2021;310;0.0;0.0;0.0
06/11/2021;311;0.0;0.0;0.0
07/11/2021;312;0.0;0.0;0.0
08/11/2021;313;0.0;0.0;0.0
09/11/2021;314;0.0;0.0;0.0
10/11/2021;315;0.0;0.0;0.0
11/11/2021;316;0.0;0.0;0.0
12/11/2021;317;0.0;0.0;0.0
13/11/2021;318;0.0;0.0;0.0
14/11/2021;319;0.0;0.0;0.0
15/11/2021;320;0.0;0.0;0.0
16/11/2021;321;0.0;0.0;0.0
17/11/2021;322;0.0;0.0;0.0
18/11/2021;323;0.0;0.0;0.0
19/11/2021;324;0.0;0.0;0.0
20/11/2021;325;0.0;0.0;0.0
21/11/2021;326;0.0;0.0;0.0
22/11/2021;327;0.0;0.0;0.0
23/11/2021;328;0.0;0.0;0.0
24/11/2021;329;0.0;0.0;0.0
25/11/2021;330;0.0;0.0;0.0
26/11/2021;331;0.0;0.0;0.0
27/11/2021;332;0.0;0.0;0.0
28/11/2021;333;0.0;0.0;0.0
29/11/2021;334;0.0;0.0;0.0
30/11/2021;335;0.0;0.0;0.0
01/12/2021;336;178.0;0.0;0.0
02/12/2021;337;0.0;0.0;0.0
03/12/2021;338;0.0;0.0;0.0
04/12/2021;339;0.0;0.0;0.0
05/12/2021;340;0.0;0.0;0.0
06/12/2021;341;0.0;0.0;0.0
07/12/2021;342;0.0;0.0;0.0
08/12/2021;343;0.0;0.0;0.0
09/12/2021;344;0.0;37293.0;0.0
10/12/2021;345;193.0;66520.0;0.0
11/12/2021;346;18698.0;31618.0;0.0
12/12/2021;347;0.0;0.0;0.0
13/12/2021;348;0.0;0.0;0.0
14/12/2021;349;0.0;0.0;0.0
15/12/2021;350;19604.0;0.0;0.0
16/12/2021;351;37669.0;254.0;0.0
17/12/2021;352;0.0;0.0;0.0
18/12/2021;353;55969.0;0.0;0.0
19/12/2021;354;20591.0;0.0;0.0
20/12/2021;355;0.0;0.0;0.0
21/12/2021;356;18238.0;26929.0;0.0
22/12/2021;357;69611.0;53653.0;0.0
23/12/2021;358;62504.0;79179.0;0.0
24/12/2021;359;51210.0;34188.0;0.0
25/12/2021;360;0.0;0.0;0.0
26/12/2021;361;0.0;0.0;0.0
27/12/2021;362;0.0;0.0;0.0
28/12/2021;363;0.0;0.0;0.0
29/12/2021;364;0.0;0.0;0.0
30/12/2021;365;0.0;0.0;0.0
31/12/2021;366;0.0;0.0;0.0
01/01/2022;1;0.0;0.0;0.0
02/01/2022;2;0.0;0.0;0.0
03/01/2022;3;0.0;0.0;0.0
04/01/2022;4;0.0;0.0;0.0
05/01/2022;5;0.0;26717.0;0.0
06/01/2022;6;18057.0;0.0;0.0
07/01/2022;7;22288.0;0.0;0.0
08/01/2022;8;0.0;0.0;0.0
09/01/2022;9;0.0;0.0;0.0
10/01/2022;10;0.0;0.0;0.0
11/01/2022;11;0.0;0.0;0.0
12/01/2022;12;0.0;0.0;0.0
13/01/2022;13;0.0;0.0;0.0
14/01/2022;14;0.0;398.0;0.0
15/01/2022;15;40592.0;69408.0;0.0
16/01/2022;16;0.0;13709.0;0.0
17/01/2022;17;0.0;0.0;0.0
18/01/2022;18;0.0;-8335496.0;0.0
19/01/2022;19;0.0;135629.0;0.0
20/01/2022;20;36298.0;123078.0;0.0
21/01/2022;21;0.0;63063.0;0.0
22/01/2022;22;59606.0;48527.0;0.0
23/01/2022;23;32898.0;49845.0;0.0
24/01/2022;24;0.0;87224.0;0.0
25/01/2022;25;0.0;107396.0;0.0
26/01/2022;26;26599.0;170163.0;0.0
27/01/2022;27;27561.0;149219.0;0.0
28/01/2022;28;0.0;105616.0;0.0
29/01/2022;29;0.0;14783.0;0.0
30/01/2022;30;0.0;0.0;0.0
31/01/2022;31;0.0;13729.0;0.0
01/02/2022;32;0.0;42526.0;0.0
02/02/2022;33;0.0;19011.0;0.0
03/02/2022;34;15774.0;0.0;0.0
04/02/2022;35;0.0;0.0;0.0
05/02/2022;36;0.0;0.0;0.0
06/02/2022;37;0.0;0.0;0.0
07/02/2022;38;29296.0;33351.0;0.0
08/02/2022;39;0.0;42223.0;0.0
09/02/2022;40;0.0;42028.0;0.0
10/02/2022;41;0.0;41488.0;0.0
11/02/2022;42;21189.0;56282.0;0.0
12/02/2022;43;18658.0;134390.0;0.0
13/02/2022;44;0.0;67730.0;0.0
14/02/2022;45;0.0;4564.0;0.0
15/02/2022;46;0.0;0.0;0.0
16/02/2022;47;0.0;0.0;0.0
17/02/2022;48;0.0;0.0;0.0
18/02/2022;49;0.0;0.0;0.0
19/02/2022;50;0.0;0.0;0.0
20/02/2022;51;0.0;0.0;0.0
21/02/2022;52;0.0;0.0;0.0
22/02/2022;53;0.0;0.0;0.0
23/02/2022;54;0.0;0.0;0.0
24/02/2022;55;0.0;4.0;0.0
25/02/2022;56;0.0;0.0;0.0
26/02/2022;57;0.0;1.0;0.0
27/02/2022;58;0.0;0.0;0.0
28/02/2022;59;0.0;0.0;0.0
nan;60;0.0;0.0;0.0
01/03/2022;61;0.0;0.0;0.0
02/03/2022;62;0.0;0.0;0.0
03/03/2022;63;0.0;0.0;0.0
04/03/2022;64;0.0;1.0;0.0
05/03/2022;65;0.0;0.0;0.0
06/03/2022;66;0.0;0.0;0.0
07/03/2022;67;0.0;0.0;0.0
08/03/2022;68;0.0;0.0;0.0
09/03/2022;69;0.0;0.0;0.0
10/03/2022;70;0.0;0.0;0.0
11/03/2022;71;0.0;0.0;0.0
12/03/2022;72;0.0;0.0;0.0
13/03/2022;73;0.0;0.0;0.0
14/03/2022;74;0.0;0.0;0.0
15/03/2022;75;0.0;2.0;0.0
16/03/2022;76;0.0;0.0;0.0
17/03/2022;77;1540.0;1149.0;0.0
18/03/2022;78;0.0;0.0;0.0
19/03/2022;79;0.0;0.0;0.0
20/03/2022;80;0.0;0.0;0.0
21/03/2022;81;0.0;0.0;0.0
22/03/2022;82;0.0;0.0;0.0
23/03/2022;83;0.0;0.0;0.0
24/03/2022;84;0.0;0.0;0.0
25/03/2022;85;0.0;0.0;0.0
26/03/2022;86;0.0;0.0;0.0
27/03/2022;87;0.0;0.0;0.0
28/03/2022;88;0.0;0.0;0.0
29/03/2022;89;0.0;0.0;0.0
30/03/2022;90;0.0;0.0;0.0
31/03/2022;91;0.0;0.0;0.0
01/04/2022;92;0.0;0.0;0.0
02/04/2022;93;0.0;0.0;0.0
03/04/2022;94;0.0;0.0;0.0
04/04/2022;95;0.0;0.0;0.0
05/04/2022;96;0.0;0.0;0.0
06/04/2022;97;0.0;0.0;0.0
07/04/2022;98;0.0;0.0;0.0
08/04/2022;99;0.0;0.0;0.0
09/04/2022;100;0.0;0.0;0.0
10/04/2022;101;0.0;0.0;0.0
11/04/2022;102;0.0;0.0;0.0
12/04/2022;103;0.0;0.0;0.0
13/04/2022;104;0.0;0.0;0.0
14/04/2022;105;0.0;0.0;0.0
15/04/2022;106;0.0;0.0;0.0
16/04/2022;107;0.0;0.0;0.0
17/04/2022;108;0.0;0.0;0.0
18/04/2022;109;0.0;0.0;0.0
19/04/2022;110;0.0;0.0;0.0
20/04/2022;111;0.0;0.0;0.0
21/04/2022;112;0.0;0.0;0.0
22/04/2022;113;0.0;0.0;0.0
23/04/2022;114;0.0;0.0;0.0
24/04/2022;115;0.0;0.0;0.0
25/04/2022;116;0.0;0.0;0.0
26/04/2022;117;0.0;0.0;0.0
27/04/2022;118;0.0;0.0;0.0
28/04/2022;119;0.0;0.0;0.0
29/04/2022;120;0.0;0.0;0.0
30/04/2022;121;0.0;0.0;0.0
01/05/2022;122;99180.9563454201;0.0;0.0
02/05/2022;123;20764.900649490115;0.0;0.0
03/05/2022;124;37000.599119338214;11281.515721777665;0.0
04/05/2022;125;12673.152961163196;32484.94207237237;0.0
05/05/2022;126;967.8194108888308;0.0;14133.55402694443
06/05/2022;127;37368.82977295133;57040.07109229069;0.0
07/05/2022;128;567.7905235964315;18725.543403480755;12050.304521723632
08/05/2022;129;34007.5496300215;0.0;0.0
09/05/2022;130;0.0;0.0;0.0
10/05/2022;131;658.9914020890633;543.2555564876905;0.0
11/05/2022;132;75042.24442442473;36665.5402775909;0.0
12/05/2022;133;0.0;31085.09597686695;0.0
13/05/2022;134;32903.89809566192;0.0;0.0
14/05/2022;135;0.0;18661.955023094466;0.0
15/05/2022;136;17436.625107508764;11268.96793628401;0.0
16/05/2022;137;66809.36267922941;11529.73825508183;0.0
17/05/2022;138;31920.403550067385;87611.86267627832;0.0
18/05/2022;139;80066.8708630833;128066.0460129992;68163.80222023805
19/05/2022;140;53332.38730367302;31920.26477817814;0.0
20/05/2022;141;78227.27715423329;15817.556194984143;0.0
21/05/2022;142;0.0;122811.80545956152;0.0
22/05/2022;143;0.0;28765.9564744811;27316.68358882762
23/05/2022;144;89760.28261300428;52689.658382867885;0.0
24/05/2022;145;0.0;46907.45953975884;0.0
25/05/2022;146;31387.784710446784;59249.60691014948;18201.65059464181
26/05/2022;147;14266.80630529261;37933.66582208341;30289.57795756915
27/05/2022;148;27121.121681006447;21620.137429966824;32274.992488018568
28/05/2022;149;27866.800341031478;0.0;7253.8043445435405
29/05/2022;150;59849.42371277883;15162.215234870368;0.0
30/05/2022;151;98847.02094580594;195547.7395787387;0.0
31/05/2022;152;260835.74575317674;266752.3449602489;38650.04147282731
01/06/2022;153;335875.33207520214;228136.5420415575;0.0
02/06/2022;154;72234.75058590536;251553.92186048726;0.0
03/06/2022;155;249003.84972991707;361477.0768182326;0.0
04/06/2022;156;187308.25283956225;233690.3910158541;39343.9322351849
05/06/2022;157;182495.12979659755;210608.29438271737;25370.256934763496
06/06/2022;158;157449.88086072562;343142.99202422315;50751.15805283626
07/06/2022;159;137122.15053438587;307102.5807981182;45086.20799344874
08/06/2022;160;243449.07501474838;263966.85765464354;29475.443455911045
09/06/2022;161;415085.7511363521;381512.6176172253;75908.97572420393
10/06/2022;162;290018.8988453097;371779.81509439484;67461.43487412218
11/06/2022;163;305741.77097376296;288244.69092804915;49232.734473342134
12/06/2022;164;394084.29195881577;128019.35446979859;37337.11651723549
13/06/2022;165;108745.8992802381;136142.4664162666;0.0
14/06/2022;166;131560.20285029165;77789.20825428715;31932.617219945692
15/06/2022;167;261516.49729361324;276835.8739090356;27864.810352228484
16/06/2022;168;118725.70916495063;228351.36942795318;52996.91900812519
17/06/2022;169;213113.84132895278;244055.4218406579;39379.43711625081
18/06/2022;170;185141.73087836796;173336.52464147948;16078.469607785626
19/06/2022;171;236624.14241602927;140824.52267926215;14777.395755149733
20/06/2022;172;177778.2745057972;211784.12865351525;37628.48462279995
21/06/2022;173;233508.75955199904;274537.6652448229;24361.89959234134
22/06/2022;174;162223.22495081427;135857.8141855872;28035.59801668623
23/06/2022;175;175806.14545108707;181460.38403222396;0.0
24/06/2022;176;228209.92306647316;193402.6461816445;20255.878296219435
25/06/2022;177;147354.92398866522;308620.8381250922;21016.664439943368
26/06/2022;178;231994.46900141196;220438.28108994718;33746.420544648536
27/06/2022;179;148955.48734840707;282307.9872426738;30041.732853077567
28/06/2022;180;159278.1462532549;213032.26302001515;28060.86192583296
29/06/2022;181;256338.36136115648;223554.5370746684;18954.40036149041
30/06/2022;182;255963.78228973705;344271.82675054553;71683.6806735825
01/07/2022;183;202554.40723906033;304298.5763743386;17222.477770155765
02/07/2022;184;218856.6356468338;252892.6026076301;50924.85657445225
03/07/2022;185;296128.92887385964;317412.511428326;38218.01539025482
04/07/2022;186;293524.33731529163;262933.9638812672;27890.53163342735
05/07/2022;187;215744.23706283543;159546.04374053967;47086.8757058242
06/07/2022;188;183462.76360261;416298.9161150831;2857.8193697199767
07/07/2022;189;297023.1767357666;297152.8844401875;14954.226477218393
08/07/2022;190;283749.82913028327;283770.78042277077;33358.841244694544
09/07/2022;191;348467.1013995574;402315.58713210304;40358.235341174775
10/07/2022;192;263313.73299878306;278934.73059039225;20451.577501600674
11/07/2022;193;324670.67630258494;305900.92333471566;26328.398890242006
12/07/2022;194;298078.63290618267;206174.05699884353;50724.916044930884
13/07/2022;195;236153.3505833407;251740.42210861616;45018.26806952782
14/07/2022;196;315465.2059450615;359748.1923175653;8864.781203338336
15/07/2022;197;157299.2919676567;231720.23071890892;7089.7435134892485
16/07/2022;198;265024.4089142373;272334.1140147823;38156.649170533645
17/07/2022;199;158561.57467815315;163475.63937345622;12431.127948058582
18/07/2022;200;273732.0898567244;209590.23474450407;31834.699578656604
19/07/2022;201;228357.64775392177;280286.6280461816;54953.90148588929
20/07/2022;202;183790.45528161927;157193.9789139748;34163.59069757967
21/07/2022;203;188571.28264845858;234090.90477295918;26450.003147192914
22/07/2022;204;272795.98338562384;217475.55968718478;13867.807277642642
23/07/2022;205;165587.44714533762;251083.6795676479;21682.698180712574
24/07/2022;206;123733.89469275813;185923.3564579467;27843.98513208706
25/07/2022;207;0.0;0.0;0.0
26/07/2022;208;0.0;0.0;0.0
27/07/2022;209;0.0;0.0;0.0
28/07/2022;210;0.0;0.0;0.0
29/07/2022;211;0.0;0.0;0.0
30/07/2022;212;0.0;0.0;0.0
31/07/2022;213;0.0;0.0;0.0
01/08/2022;214;0.0;0.0;0.0
02/08/2022;215;0.0;0.0;0.0
03/08/2022;216;0.0;0.0;0.0
04/08/2022;217;0.0;0.0;0.0
05/08/2022;218;0.0;0.0;0.0
06/08/2022;219;0.0;0.0;0.0
07/08/2022;220;0.0;0.0;0.0
08/08/2022;221;0.0;0.0;0.0
09/08/2022;222;0.0;0.0;0.0
10/08/2022;223;0.0;0.0;0.0
11/08/2022;224;0.0;0.0;0.0
12/08/2022;225;0.0;0.0;0.0
13/08/2022;226;0.0;0.0;0.0
14/08/2022;227;0.0;0.0;0.0
15/08/2022;228;0.0;0.0;0.0
16/08/2022;229;0.0;0.0;0.0
17/08/2022;230;0.0;0.0;0.0
18/08/2022;231;0.0;0.0;0.0
19/08/2022;232;0.0;0.0;0.0
20/08/2022;233;0.0;0.0;0.0
21/08/2022;234;0.0;0.0;0.0
22/08/2022;235;0.0;0.0;0.0
23/08/2022;236;0.0;0.0;0.0
24/08/2022;237;0.0;0.0;0.0
25/08/2022;238;0.0;0.0;0.0
26/08/2022;239;0.0;0.0;0.0
27/08/2022;240;0.0;0.0;0.0
28/08/2022;241;0.0;0.0;0.0
29/08/2022;242;0.0;0.0;0.0
30/08/2022;243;0.0;0.0;0.0
31/08/2022;244;0.0;0.0;0.0
01/09/2022;245;0.0;0.0;0.0
02/09/2022;246;0.0;0.0;0.0
03/09/2022;247;0.0;0.0;0.0
04/09/2022;248;0.0;0.0;0.0
05/09/2022;249;0.0;0.0;0.0
06/09/2022;250;0.0;0.0;0.0
07/09/2022;251;0.0;0.0;0.0
08/09/2022;252;0.0;0.0;0.0
09/09/2022;253;0.0;0.0;0.0
10/09/2022;254;0.0;0.0;0.0
11/09/2022;255;0.0;0.0;0.0
12/09/2022;256;0.0;0.0;0.0
13/09/2022;257;0.0;0.0;0.0
14/09/2022;258;0.0;0.0;0.0
15/09/2022;259;0.0;0.0;0.0
16/09/2022;260;0.0;0.0;0.0
17/09/2022;261;0.0;0.0;0.0
18/09/2022;262;0.0;0.0;0.0
19/09/2022;263;0.0;0.0;0.0
20/09/2022;264;0.0;0.0;0.0
21/09/2022;265;0.0;0.0;0.0
22/09/2022;266;0.0;0.0;0.0
23/09/2022;267;0.0;0.0;0.0
24/09/2022;268;0.0;0.0;0.0
25/09/2022;269;0.0;0.0;0.0
26/09/2022;270;0.0;0.0;0.0
27/09/2022;271;0.0;0.0;0.0
28/09/2022;272;0.0;0.0;0.0
29/09/2022;273;0.0;0.0;0.0
30/09/2022;274;0.0;0.0;0.0
01/10/2022;275;0.0;0.0;0.0
02/10/2022;276;0.0;0.0;0.0
03/10/2022;277;0.0;0.0;0.0
04/10/2022;278;0.0;0.0;0.0
05/10/2022;279;0.0;0.0;0.0
06/10/2022;280;0.0;0.0;0.0
07/10/2022;281;0.0;0.0;0.0
08/10/2022;282;0.0;0.0;0.0
09/10/2022;283;0.0;0.0;0.0
10/10/2022;284;0.0;0.0;0.0
11/10/2022;285;0.0;0.0;0.0
12/10/2022;286;0.0;0.0;0.0
13/10/2022;287;0.0;0.0;0.0
14/10/2022;288;0.0;0.0;0.0
15/10/2022;289;0.0;0.0;0.0
16/10/2022;290;0.0;0.0;0.0
17/10/2022;291;0.0;0.0;0.0
18/10/2022;292;0.0;0.0;0.0
19/10/2022;293;0.0;0.0;0.0
20/10/2022;294;0.0;0.0;0.0
21/10/2022;295;0.0;0.0;0.0
22/10/2022;296;0.0;0.0;0.0
23/10/2022;297;0.0;0.0;0.0
24/10/2022;298;0.0;0.0;0.0
25/10/2022;299;0.0;0.0;0.0
26/10/2022;300;0.0;0.0;0.0
27/10/2022;301;0.0;0.0;0.0
28/10/2022;302;0.0;0.0;0.0
29/10/2022;303;0.0;0.0;0.0
30/10/2022;304;0.0;0.0;0.0
31/10/2022;305;0.0;0.0;0.0
01/11/2022;306;0.0;0.0;0.0
02/11/2022;307;0.0;0.0;0.0
03/11/2022;308;0.0;0.0;0.0
04/11/2022;309;0.0;0.0;0.0
05/11/2022;310;0.0;0.0;0.0
06/11/2022;311;0.0;0.0;0.0
07/11/2022;312;0.0;0.0;0.0
08/11/2022;313;0.0;0.0;0.0
09/11/2022;314;0.0;0.0;0.0
10/11/2022;315;0.0;0.0;0.0
11/11/2022;316;0.0;0.0;0.0
12/11/2022;317;0.0;0.0;0.0
13/11/2022;318;0.0;0.0;0.0
14/11/2022;319;0.0;0.0;0.0
15/11/2022;320;0.0;0.0;0.0
16/11/2022;321;0.0;0.0;0.0
17/11/2022;322;0.0;0.0;0.0
18/11/2022;323;0.0;0.0;0.0
19/11/2022;324;0.0;0.0;0.0
20/11/2022;325;0.0;0.0;0.0
21/11/2022;326;0.0;0.0;0.0
22/11/2022;327;0.0;0.0;0.0
23/11/2022;328;0.0;0.0;0.0
24/11/2022;329;0.0;0.0;0.0
25/11/2022;330;0.0;0.0;0.0
26/11/2022;331;0.0;0.0;0.0
27/11/2022;332;0.0;0.0;0.0
28/11/2022;333;0.0;0.0;0.0
29/11/2022;334;0.0;0.0;0.0
30/11/2022;335;0.0;0.0;0.0
01/12/2022;336;0.0;0.0;0.0
02/12/2022;337;0.0;0.0;0.0
03/12/2022;338;0.0;0.0;0.0
04/12/2022;339;0.0;0.0;0.0
05/12/2022;340;0.0;0.0;0.0
06/12/2022;341;0.0;0.0;0.0
07/12/2022;342;0.0;0.0;0.0
08/12/2022;343;0.0;0.0;0.0
09/12/2022;344;0.0;0.0;0.0
10/12/2022;345;0.0;0.0;0.0
11/12/2022;346;0.0;0.0;0.0
12/12/2022;347;0.0;0.0;0.0
13/12/2022;348;0.0;0.0;0.0
14/12/2022;349;0.0;0.0;0.0
15/12/2022;350;0.0;0.0;0.0
16/12/2022;351;0.0;0.0;0.0
17/12/2022;352;0.0;0.0;0.0
18/12/2022;353;0.0;0.0;0.0
19/12/2022;354;0.0;0.0;0.0
20/12/2022;355;0.0;0.0;0.0
21/12/2022;356;0.0;0.0;0.0
22/12/2022;357;0.0;0.0;0.0
23/12/2022;358;0.0;0.0;0.0
24/12/2022;359;0.0;0.0;0.0
25/12/2022;360;0.0;0.0;0.0
26/12/2022;361;0.0;0.0;0.0
27/12/2022;362;0.0;0.0;0.0
28/12/2022;363;0.0;0.0;0.0
29/12/2022;364;0.0;0.0;0.0
30/12/2022;365;0.0;0.0;0.0
31/12/2022;366;0.0;0.0;0.0
