01/01/2017;1;0;0;0
02/01/2017;2;;;
03/01/2017;3;;;
04/01/2017;4;;;
05/01/2017;5;;;
06/01/2017;6;;;
07/01/2017;7;;;
08/01/2017;8;;;
09/01/2017;9;;;
10/01/2017;10;;;
11/01/2017;11;;;
12/01/2017;12;;;
13/01/2017;13;;;
14/01/2017;14;;;
15/01/2017;15;;;
16/01/2017;16;;;
17/01/2017;17;;;
18/01/2017;18;;;
19/01/2017;19;;;
20/01/2017;20;;;
21/01/2017;21;;;
22/01/2017;22;;;
23/01/2017;23;;;
24/01/2017;24;;;
25/01/2017;25;;;
26/01/2017;26;;;
27/01/2017;27;;;
28/01/2017;28;;;
29/01/2017;29;;;
30/01/2017;30;;;
31/01/2017;31;;;
01/02/2017;32;;;
02/02/2017;33;;;
03/02/2017;34;;;
04/02/2017;35;;;
05/02/2017;36;;;
06/02/2017;37;;;
07/02/2017;38;;;
08/02/2017;39;;;
09/02/2017;40;;;
10/02/2017;41;;;
11/02/2017;42;;;
12/02/2017;43;;;
13/02/2017;44;;;
14/02/2017;45;;;
15/02/2017;46;;;
16/02/2017;47;;;
17/02/2017;48;;;
18/02/2017;49;;;
19/02/2017;50;;;
20/02/2017;51;;;
21/02/2017;52;;;
22/02/2017;53;;;
23/02/2017;54;;;
24/02/2017;55;;;
25/02/2017;56;;;
26/02/2017;57;;;
27/02/2017;58;;;
28/02/2017;59;;;
;60;0;;
01/03/2017;61;;;
02/03/2017;62;;;
03/03/2017;63;;;
04/03/2017;64;;;
05/03/2017;65;;;
06/03/2017;66;;;
07/03/2017;67;;;
08/03/2017;68;;;
09/03/2017;69;;;
10/03/2017;70;;;
11/03/2017;71;;;
12/03/2017;72;;;
13/03/2017;73;;;
14/03/2017;74;;;
15/03/2017;75;;;
16/03/2017;76;;;
17/03/2017;77;;;
18/03/2017;78;;;
19/03/2017;79;;;
20/03/2017;80;;;
21/03/2017;81;;;
22/03/2017;82;;;
23/03/2017;83;;;
24/03/2017;84;;;
25/03/2017;85;;;
26/03/2017;86;;;
27/03/2017;87;;;
28/03/2017;88;;;
29/03/2017;89;;;
30/03/2017;90;;;
31/03/2017;91;;;
01/04/2017;92;;;
02/04/2017;93;;;
03/04/2017;94;;;
04/04/2017;95;;;
05/04/2017;96;;;
06/04/2017;97;;;
07/04/2017;98;;;
08/04/2017;99;;;
09/04/2017;100;;;
10/04/2017;101;;;
11/04/2017;102;;;
12/04/2017;103;;;
13/04/2017;104;;;
14/04/2017;105;;;
15/04/2017;106;;;
16/04/2017;107;;;
17/04/2017;108;;;
18/04/2017;109;;;
19/04/2017;110;;;
20/04/2017;111;;;
21/04/2017;112;;;
22/04/2017;113;;;
23/04/2017;114;;;
24/04/2017;115;;;
25/04/2017;116;;;
26/04/2017;117;;;
27/04/2017;118;;;
28/04/2017;119;;;
29/04/2017;120;;;
30/04/2017;121;;;
01/05/2017;122;;;
02/05/2017;123;;;
03/05/2017;124;;;
04/05/2017;125;;;
05/05/2017;126;;;
06/05/2017;127;;;
07/05/2017;128;;;
08/05/2017;129;;;
09/05/2017;130;;;
10/05/2017;131;;;
11/05/2017;132;;;
12/05/2017;133;;;
13/05/2017;134;;;
14/05/2017;135;;;
15/05/2017;136;;;
16/05/2017;137;;;
17/05/2017;138;;;
18/05/2017;139;;;
19/05/2017;140;;;
20/05/2017;141;;;
21/05/2017;142;;;
22/05/2017;143;;;
23/05/2017;144;;;
24/05/2017;145;;;
25/05/2017;146;;;
26/05/2017;147;;;
27/05/2017;148;;;
28/05/2017;149;;;
29/05/2017;150;;;
30/05/2017;151;;;
31/05/2017;152;;;
01/06/2017;153;;;
02/06/2017;154;;;
03/06/2017;155;;;
04/06/2017;156;;;
05/06/2017;157;;;
06/06/2017;158;;;
07/06/2017;159;;;
08/06/2017;160;;;
09/06/2017;161;;;
10/06/2017;162;;;
11/06/2017;163;;;
12/06/2017;164;;;
13/06/2017;165;;;
14/06/2017;166;;;
15/06/2017;167;;;
16/06/2017;168;;;
17/06/2017;169;;;
18/06/2017;170;;;
19/06/2017;171;;;
20/06/2017;172;;;
21/06/2017;173;;;
22/06/2017;174;;;
23/06/2017;175;;;
24/06/2017;176;;;
25/06/2017;177;;;
26/06/2017;178;;;
27/06/2017;179;;;
28/06/2017;180;;;
29/06/2017;181;;;
30/06/2017;182;;;
01/07/2017;183;;;
02/07/2017;184;;;
03/07/2017;185;;;
04/07/2017;186;;;
05/07/2017;187;;;
06/07/2017;188;;;
07/07/2017;189;;;
08/07/2017;190;;;
09/07/2017;191;;;
10/07/2017;192;;;
11/07/2017;193;;;
12/07/2017;194;;;
13/07/2017;195;;;
14/07/2017;196;;;
15/07/2017;197;;;
16/07/2017;198;;;
17/07/2017;199;;;
18/07/2017;200;;;
19/07/2017;201;;;
20/07/2017;202;;;
21/07/2017;203;;;
22/07/2017;204;;;
23/07/2017;205;;;
24/07/2017;206;;;
25/07/2017;207;;;
26/07/2017;208;;;
27/07/2017;209;;;
28/07/2017;210;;;
29/07/2017;211;;;
30/07/2017;212;;;
31/07/2017;213;;;
01/08/2017;214;;;
02/08/2017;215;;;
03/08/2017;216;;;
04/08/2017;217;;;
05/08/2017;218;;;
06/08/2017;219;;;
07/08/2017;220;;;
08/08/2017;221;;;
09/08/2017;222;;;
10/08/2017;223;;;
11/08/2017;224;;;
12/08/2017;225;;;
13/08/2017;226;;;
14/08/2017;227;;;
15/08/2017;228;;;
16/08/2017;229;;;
17/08/2017;230;;;
18/08/2017;231;;;
19/08/2017;232;;;
20/08/2017;233;;;
21/08/2017;234;;;
22/08/2017;235;;;
23/08/2017;236;;;
24/08/2017;237;;;
25/08/2017;238;;;
26/08/2017;239;;;
27/08/2017;240;;;
28/08/2017;241;;;
29/08/2017;242;;;
30/08/2017;243;;;
31/08/2017;244;;;
01/09/2017;245;;;
02/09/2017;246;;;
03/09/2017;247;;;
04/09/2017;248;;;
05/09/2017;249;;;
06/09/2017;250;;;
07/09/2017;251;;;
08/09/2017;252;;;
09/09/2017;253;;;
10/09/2017;254;;;
11/09/2017;255;;;
12/09/2017;256;;;
13/09/2017;257;;;
14/09/2017;258;;;
15/09/2017;259;;;
16/09/2017;260;;;
17/09/2017;261;;;
18/09/2017;262;;;
19/09/2017;263;;;
20/09/2017;264;;;
21/09/2017;265;;;
22/09/2017;266;;;
23/09/2017;267;;;
24/09/2017;268;;;
25/09/2017;269;;;
26/09/2017;270;;;
27/09/2017;271;;;
28/09/2017;272;;;
29/09/2017;273;;;
30/09/2017;274;;;
01/10/2017;275;;;
02/10/2017;276;;;
03/10/2017;277;;;
04/10/2017;278;;;
05/10/2017;279;;;
06/10/2017;280;;;
07/10/2017;281;;;
08/10/2017;282;;;
09/10/2017;283;;;
10/10/2017;284;;;
11/10/2017;285;;;
12/10/2017;286;;;
13/10/2017;287;;;
14/10/2017;288;;;
15/10/2017;289;;;
16/10/2017;290;;;
17/10/2017;291;;;
18/10/2017;292;;;
19/10/2017;293;;;
20/10/2017;294;;;
21/10/2017;295;;;
22/10/2017;296;;;
23/10/2017;297;;;
24/10/2017;298;;;
25/10/2017;299;;;
26/10/2017;300;;;
27/10/2017;301;;;
28/10/2017;302;;;
29/10/2017;303;;;
30/10/2017;304;;;
31/10/2017;305;;;
01/11/2017;306;;;
02/11/2017;307;;;
03/11/2017;308;;;
04/11/2017;309;;;
05/11/2017;310;;;
06/11/2017;311;;;
07/11/2017;312;;;
08/11/2017;313;;;
09/11/2017;314;;;
10/11/2017;315;;;
11/11/2017;316;;;
12/11/2017;317;;;
13/11/2017;318;;;
14/11/2017;319;;;
15/11/2017;320;;;
16/11/2017;321;;;
17/11/2017;322;;;
18/11/2017;323;;;
19/11/2017;324;;;
20/11/2017;325;;;
21/11/2017;326;;;
22/11/2017;327;;;
23/11/2017;328;;;
24/11/2017;329;;;
25/11/2017;330;;;
26/11/2017;331;;;
27/11/2017;332;;;
28/11/2017;333;;;
29/11/2017;334;;;
30/11/2017;335;;;
01/12/2017;336;;;
02/12/2017;337;;;
03/12/2017;338;;;
04/12/2017;339;;;
05/12/2017;340;;;
06/12/2017;341;;;
07/12/2017;342;;;
08/12/2017;343;;;
09/12/2017;344;;;
10/12/2017;345;;;
11/12/2017;346;;;
12/12/2017;347;;;
13/12/2017;348;;;
14/12/2017;349;;;
15/12/2017;350;;;
16/12/2017;351;;;
17/12/2017;352;;;
18/12/2017;353;;;
19/12/2017;354;;;
20/12/2017;355;;;
21/12/2017;356;;;
22/12/2017;357;;;
23/12/2017;358;;;
24/12/2017;359;;;
25/12/2017;360;;;
26/12/2017;361;;;
27/12/2017;362;;;
28/12/2017;363;;;
29/12/2017;364;;;
30/12/2017;365;;;
31/12/2017;366;;;
01/01/2018;1;;;
02/01/2018;2;;;
03/01/2018;3;;;
04/01/2018;4;;;
05/01/2018;5;;;
06/01/2018;6;;;
07/01/2018;7;;;
08/01/2018;8;;;
09/01/2018;9;;;
10/01/2018;10;;;
11/01/2018;11;;;
12/01/2018;12;;;
13/01/2018;13;;;
14/01/2018;14;;;
15/01/2018;15;;;
16/01/2018;16;;;
17/01/2018;17;;;
18/01/2018;18;;;
19/01/2018;19;;;
20/01/2018;20;;;
21/01/2018;21;;;
22/01/2018;22;;;
23/01/2018;23;;;
24/01/2018;24;;;
25/01/2018;25;;;
26/01/2018;26;;;
27/01/2018;27;;;
28/01/2018;28;;;
29/01/2018;29;;;
30/01/2018;30;;;
31/01/2018;31;;;
01/02/2018;32;;;
02/02/2018;33;;;
03/02/2018;34;;;
04/02/2018;35;;;
05/02/2018;36;;;
06/02/2018;37;;;
07/02/2018;38;;;
08/02/2018;39;;;
09/02/2018;40;;;
10/02/2018;41;;;
11/02/2018;42;;;
12/02/2018;43;;;
13/02/2018;44;;;
14/02/2018;45;;;
15/02/2018;46;;;
16/02/2018;47;;;
17/02/2018;48;;;
18/02/2018;49;;;
19/02/2018;50;;;
20/02/2018;51;;;
21/02/2018;52;;;
22/02/2018;53;;;
23/02/2018;54;;;
24/02/2018;55;;;
25/02/2018;56;;;
26/02/2018;57;;;
27/02/2018;58;;;
28/02/2018;59;;;
;60;0;;
01/03/2018;61;;;
02/03/2018;62;;;
03/03/2018;63;;;
04/03/2018;64;;;
05/03/2018;65;;;
06/03/2018;66;;;
07/03/2018;67;;;
08/03/2018;68;;;
09/03/2018;69;;;
10/03/2018;70;;;
11/03/2018;71;;;
12/03/2018;72;;;
13/03/2018;73;;;
14/03/2018;74;;;
15/03/2018;75;;;
16/03/2018;76;;;
17/03/2018;77;;;
18/03/2018;78;;;
19/03/2018;79;;;
20/03/2018;80;;;
21/03/2018;81;;;
22/03/2018;82;;;
23/03/2018;83;;;
24/03/2018;84;;;
25/03/2018;85;;;
26/03/2018;86;;;
27/03/2018;87;;;
28/03/2018;88;;;
29/03/2018;89;;;
30/03/2018;90;;;
31/03/2018;91;;;
01/04/2018;92;;;
02/04/2018;93;;;
03/04/2018;94;;;
04/04/2018;95;;;
05/04/2018;96;;;
06/04/2018;97;;;
07/04/2018;98;;;
08/04/2018;99;;;
09/04/2018;100;;;
10/04/2018;101;;;
11/04/2018;102;;;
12/04/2018;103;;;
13/04/2018;104;;;
14/04/2018;105;;;
15/04/2018;106;;;
16/04/2018;107;;;
17/04/2018;108;;;
18/04/2018;109;;;
19/04/2018;110;;;
20/04/2018;111;;;
21/04/2018;112;;;
22/04/2018;113;;;
23/04/2018;114;;;
24/04/2018;115;;;
25/04/2018;116;;;
26/04/2018;117;;;
27/04/2018;118;;;
28/04/2018;119;;;
29/04/2018;120;;;
30/04/2018;121;;;
01/05/2018;122;;;
02/05/2018;123;;;
03/05/2018;124;;;
04/05/2018;125;;;
05/05/2018;126;;;
06/05/2018;127;;;
07/05/2018;128;;;
08/05/2018;129;;;
09/05/2018;130;;;
10/05/2018;131;;;
11/05/2018;132;;;
12/05/2018;133;;;
13/05/2018;134;;;
14/05/2018;135;;;
15/05/2018;136;;;
16/05/2018;137;;;
17/05/2018;138;;;
18/05/2018;139;;;
19/05/2018;140;;;
20/05/2018;141;;;
21/05/2018;142;;;
22/05/2018;143;;;
23/05/2018;144;;;
24/05/2018;145;;;
25/05/2018;146;;;
26/05/2018;147;;;
27/05/2018;148;;;
28/05/2018;149;;;
29/05/2018;150;;;
30/05/2018;151;;;
31/05/2018;152;;;
01/06/2018;153;;;
02/06/2018;154;;;
03/06/2018;155;;;
04/06/2018;156;;;
05/06/2018;157;;;
06/06/2018;158;;;
07/06/2018;159;;;
08/06/2018;160;;;
09/06/2018;161;;;
10/06/2018;162;;;
11/06/2018;163;;;
12/06/2018;164;;;
13/06/2018;165;;;
14/06/2018;166;;;
15/06/2018;167;;;
16/06/2018;168;;;
17/06/2018;169;;;
18/06/2018;170;;;
19/06/2018;171;;;
20/06/2018;172;;;
21/06/2018;173;;;
22/06/2018;174;;;
23/06/2018;175;;;
24/06/2018;176;;;
25/06/2018;177;;;
26/06/2018;178;;;
27/06/2018;179;;;
28/06/2018;180;;;
29/06/2018;181;;;
30/06/2018;182;;;
01/07/2018;183;;;
02/07/2018;184;;;
03/07/2018;185;;;
04/07/2018;186;;;
05/07/2018;187;;;
06/07/2018;188;;;
07/07/2018;189;;;
08/07/2018;190;;;
09/07/2018;191;;;
10/07/2018;192;;;
11/07/2018;193;;;
12/07/2018;194;;;
13/07/2018;195;;;
14/07/2018;196;;;
15/07/2018;197;;;
16/07/2018;198;;;
17/07/2018;199;;;
18/07/2018;200;;;
19/07/2018;201;;;
20/07/2018;202;;;
21/07/2018;203;;;
22/07/2018;204;;;
23/07/2018;205;;;
24/07/2018;206;;;
25/07/2018;207;;;
26/07/2018;208;;;
27/07/2018;209;;;
28/07/2018;210;;;
29/07/2018;211;;;
30/07/2018;212;;;
31/07/2018;213;;;
01/08/2018;214;;;
02/08/2018;215;;;
03/08/2018;216;;;
04/08/2018;217;;;
05/08/2018;218;;;
06/08/2018;219;;;
07/08/2018;220;;;
08/08/2018;221;;;
09/08/2018;222;;;
10/08/2018;223;;;
11/08/2018;224;;;
12/08/2018;225;;;
13/08/2018;226;;;
14/08/2018;227;;;
15/08/2018;228;;;
16/08/2018;229;;;
17/08/2018;230;;;
18/08/2018;231;;;
19/08/2018;232;;;
20/08/2018;233;;;
21/08/2018;234;;;
22/08/2018;235;;;
23/08/2018;236;;;
24/08/2018;237;;;
25/08/2018;238;;;
26/08/2018;239;;;
27/08/2018;240;;;
28/08/2018;241;;;
29/08/2018;242;;;
30/08/2018;243;;;
31/08/2018;244;;;
01/09/2018;245;;;
02/09/2018;246;;;
03/09/2018;247;;;
04/09/2018;248;;;
05/09/2018;249;;;
06/09/2018;250;;;
07/09/2018;251;;;
08/09/2018;252;;;
09/09/2018;253;;;
10/09/2018;254;;;
11/09/2018;255;;;
12/09/2018;256;;;
13/09/2018;257;;;
14/09/2018;258;;;
15/09/2018;259;;;
16/09/2018;260;;;
17/09/2018;261;;;
18/09/2018;262;;;
19/09/2018;263;;;
20/09/2018;264;;;
21/09/2018;265;;;
22/09/2018;266;;;
23/09/2018;267;;;
24/09/2018;268;;;
25/09/2018;269;;;
26/09/2018;270;;;
27/09/2018;271;;;
28/09/2018;272;;;
29/09/2018;273;;;
30/09/2018;274;;;
01/10/2018;275;;;
02/10/2018;276;;;
03/10/2018;277;;;
04/10/2018;278;;;
05/10/2018;279;;;
06/10/2018;280;;;
07/10/2018;281;;;
08/10/2018;282;;;
09/10/2018;283;;;
10/10/2018;284;;;
11/10/2018;285;;;
12/10/2018;286;;;
13/10/2018;287;;;
14/10/2018;288;;;
15/10/2018;289;;;
16/10/2018;290;;;
17/10/2018;291;;;
18/10/2018;292;;;
19/10/2018;293;;;
20/10/2018;294;;;
21/10/2018;295;;;
22/10/2018;296;;;
23/10/2018;297;;;
24/10/2018;298;;;
25/10/2018;299;;;
26/10/2018;300;;;
27/10/2018;301;;;
28/10/2018;302;;;
29/10/2018;303;;;
30/10/2018;304;;;
31/10/2018;305;;;
01/11/2018;306;;;
02/11/2018;307;;;
03/11/2018;308;;;
04/11/2018;309;;;
05/11/2018;310;;;
06/11/2018;311;;;
07/11/2018;312;;;
08/11/2018;313;;;
09/11/2018;314;;;
10/11/2018;315;;;
11/11/2018;316;;;
12/11/2018;317;;;
13/11/2018;318;;;
14/11/2018;319;;;
15/11/2018;320;;;
16/11/2018;321;;;
17/11/2018;322;;;
18/11/2018;323;;;
19/11/2018;324;;;
20/11/2018;325;;;
21/11/2018;326;;;
22/11/2018;327;;;
23/11/2018;328;;;
24/11/2018;329;;;
25/11/2018;330;;;
26/11/2018;331;;;
27/11/2018;332;;;
28/11/2018;333;;;
29/11/2018;334;;;
30/11/2018;335;;;
01/12/2018;336;;;
02/12/2018;337;;;
03/12/2018;338;;;
04/12/2018;339;;;
05/12/2018;340;;;
06/12/2018;341;;;
07/12/2018;342;;;
08/12/2018;343;;;
09/12/2018;344;;;
10/12/2018;345;;;
11/12/2018;346;;;
12/12/2018;347;;;
13/12/2018;348;;;
14/12/2018;349;;;
15/12/2018;350;;;
16/12/2018;351;;;
17/12/2018;352;;;
18/12/2018;353;;;
19/12/2018;354;;;
20/12/2018;355;;;
21/12/2018;356;;;
22/12/2018;357;;;
23/12/2018;358;;;
24/12/2018;359;;;
25/12/2018;360;;;
26/12/2018;361;;;
27/12/2018;362;;;
28/12/2018;363;;;
29/12/2018;364;;;
30/12/2018;365;;;
31/12/2018;366;;;
01/01/2019;1;;;
02/01/2019;2;;;
03/01/2019;3;;;
04/01/2019;4;;;
05/01/2019;5;;;
06/01/2019;6;;;
07/01/2019;7;;;
08/01/2019;8;;;
09/01/2019;9;;;
10/01/2019;10;;;
11/01/2019;11;;;
12/01/2019;12;;;
13/01/2019;13;;;
14/01/2019;14;;;
15/01/2019;15;;;
16/01/2019;16;;;
17/01/2019;17;;;
18/01/2019;18;;;
19/01/2019;19;;;
20/01/2019;20;;;
21/01/2019;21;;;
22/01/2019;22;;;
23/01/2019;23;;;
24/01/2019;24;;;
25/01/2019;25;;;
26/01/2019;26;;;
27/01/2019;27;;;
28/01/2019;28;;;
29/01/2019;29;;;
30/01/2019;30;;;
31/01/2019;31;;;
01/02/2019;32;;;
02/02/2019;33;;;
03/02/2019;34;;;
04/02/2019;35;;;
05/02/2019;36;;;
06/02/2019;37;;;
07/02/2019;38;;;
08/02/2019;39;;;
09/02/2019;40;;;
10/02/2019;41;;;
11/02/2019;42;;;
12/02/2019;43;;;
13/02/2019;44;;;
14/02/2019;45;;;
15/02/2019;46;;;
16/02/2019;47;;;
17/02/2019;48;;;
18/02/2019;49;;;
19/02/2019;50;;;
20/02/2019;51;;;
21/02/2019;52;;;
22/02/2019;53;;;
23/02/2019;54;;;
24/02/2019;55;;;
25/02/2019;56;;;
26/02/2019;57;;;
27/02/2019;58;;;
28/02/2019;59;;;
;60;0;;
01/03/2019;61;;;
02/03/2019;62;;;
03/03/2019;63;;;
04/03/2019;64;;;
05/03/2019;65;;;
06/03/2019;66;;;
07/03/2019;67;;;
08/03/2019;68;;;
09/03/2019;69;;;
10/03/2019;70;;;
11/03/2019;71;;;
12/03/2019;72;;;
13/03/2019;73;;;
14/03/2019;74;;;
15/03/2019;75;;;
16/03/2019;76;;;
17/03/2019;77;;;
18/03/2019;78;;;
19/03/2019;79;;;
20/03/2019;80;;;
21/03/2019;81;;;
22/03/2019;82;;;
23/03/2019;83;;;
24/03/2019;84;;;
25/03/2019;85;;;
26/03/2019;86;;;
27/03/2019;87;;;
28/03/2019;88;;;
29/03/2019;89;;;
30/03/2019;90;;;
31/03/2019;91;;;
01/04/2019;92;;;
02/04/2019;93;;;
03/04/2019;94;;;
04/04/2019;95;;;
05/04/2019;96;;;
06/04/2019;97;;;
07/04/2019;98;;;
08/04/2019;99;;;
09/04/2019;100;;;
10/04/2019;101;;;
11/04/2019;102;;;
12/04/2019;103;;;
13/04/2019;104;;;
14/04/2019;105;;;
15/04/2019;106;;;
16/04/2019;107;;;
17/04/2019;108;;;
18/04/2019;109;;;
19/04/2019;110;;;
20/04/2019;111;;;
21/04/2019;112;;;
22/04/2019;113;;;
23/04/2019;114;;;
24/04/2019;115;;;
25/04/2019;116;;;
26/04/2019;117;;;
27/04/2019;118;;;
28/04/2019;119;;;
29/04/2019;120;;;
30/04/2019;121;;;
01/05/2019;122;;;
02/05/2019;123;;;
03/05/2019;124;;;
04/05/2019;125;;;
05/05/2019;126;;;
06/05/2019;127;;;
07/05/2019;128;;;
08/05/2019;129;;;
09/05/2019;130;;;
10/05/2019;131;;;
11/05/2019;132;;;
12/05/2019;133;;;
13/05/2019;134;;;
14/05/2019;135;;;
15/05/2019;136;;;
16/05/2019;137;;;
17/05/2019;138;;;
18/05/2019;139;;;
19/05/2019;140;;;
20/05/2019;141;;;
21/05/2019;142;;;
22/05/2019;143;;;
23/05/2019;144;;;
24/05/2019;145;;;
25/05/2019;146;;;
26/05/2019;147;;;
27/05/2019;148;;;
28/05/2019;149;;;
29/05/2019;150;;;
30/05/2019;151;;;
31/05/2019;152;;;
01/06/2019;153;;;
02/06/2019;154;;;
03/06/2019;155;;;
04/06/2019;156;;;
05/06/2019;157;;;
06/06/2019;158;;;
07/06/2019;159;;;
08/06/2019;160;;;
09/06/2019;161;;;
10/06/2019;162;;;
11/06/2019;163;;;
12/06/2019;164;;;
13/06/2019;165;;;
14/06/2019;166;;;
15/06/2019;167;;;
16/06/2019;168;;;
17/06/2019;169;;;
18/06/2019;170;;;
19/06/2019;171;;;
20/06/2019;172;;;
21/06/2019;173;;;
22/06/2019;174;;;
23/06/2019;175;;;
24/06/2019;176;;;
25/06/2019;177;;;
26/06/2019;178;;;
27/06/2019;179;;;
28/06/2019;180;;;
29/06/2019;181;;;
30/06/2019;182;;;
01/07/2019;183;;;
02/07/2019;184;;;
03/07/2019;185;;;
04/07/2019;186;;;
05/07/2019;187;;;
06/07/2019;188;;;
07/07/2019;189;;;
08/07/2019;190;;;
09/07/2019;191;;;
10/07/2019;192;;;
11/07/2019;193;;;
12/07/2019;194;;;
13/07/2019;195;;;
14/07/2019;196;;;
15/07/2019;197;;;
16/07/2019;198;;;
17/07/2019;199;;;
18/07/2019;200;;;
19/07/2019;201;;;
20/07/2019;202;;;
21/07/2019;203;;;
22/07/2019;204;;;
23/07/2019;205;;;
24/07/2019;206;;;
25/07/2019;207;;;
26/07/2019;208;;;
27/07/2019;209;;;
28/07/2019;210;;;
29/07/2019;211;;;
30/07/2019;212;;;
31/07/2019;213;;;
01/08/2019;214;;;
02/08/2019;215;;;
03/08/2019;216;;;
04/08/2019;217;;;
05/08/2019;218;;;
06/08/2019;219;;;
07/08/2019;220;;;
08/08/2019;221;;;
09/08/2019;222;;;
10/08/2019;223;;;
11/08/2019;224;;;
12/08/2019;225;;;
13/08/2019;226;;;
14/08/2019;227;;;
15/08/2019;228;;;
16/08/2019;229;;;
17/08/2019;230;;;
18/08/2019;231;;;
19/08/2019;232;;;
20/08/2019;233;;;
21/08/2019;234;;;
22/08/2019;235;;;
23/08/2019;236;;;
24/08/2019;237;;;
25/08/2019;238;;;
26/08/2019;239;;;
27/08/2019;240;;;
28/08/2019;241;;;
29/08/2019;242;;;
30/08/2019;243;;;
31/08/2019;244;;;
01/09/2019;245;;;
02/09/2019;246;;;
03/09/2019;247;;;
04/09/2019;248;;;
05/09/2019;249;;;
06/09/2019;250;;;
07/09/2019;251;;;
08/09/2019;252;;;
09/09/2019;253;;;
10/09/2019;254;;;
11/09/2019;255;;;
12/09/2019;256;;;
13/09/2019;257;;;
14/09/2019;258;;;
15/09/2019;259;;;
16/09/2019;260;;;
17/09/2019;261;;;
18/09/2019;262;;;
19/09/2019;263;;;
20/09/2019;264;;;
21/09/2019;265;;;
22/09/2019;266;;;
23/09/2019;267;;;
24/09/2019;268;;;
25/09/2019;269;;;
26/09/2019;270;;;
27/09/2019;271;;;
28/09/2019;272;;;
29/09/2019;273;;;
30/09/2019;274;;;
01/10/2019;275;;;
02/10/2019;276;;;
03/10/2019;277;;;
04/10/2019;278;;;
05/10/2019;279;;;
06/10/2019;280;;;
07/10/2019;281;;;
08/10/2019;282;;;
09/10/2019;283;;;
10/10/2019;284;;;
11/10/2019;285;;;
12/10/2019;286;;;
13/10/2019;287;;;
14/10/2019;288;;;
15/10/2019;289;;;
16/10/2019;290;;;
17/10/2019;291;;;
18/10/2019;292;;;
19/10/2019;293;;;
20/10/2019;294;;;
21/10/2019;295;;;
22/10/2019;296;;;
23/10/2019;297;;;
24/10/2019;298;;;
25/10/2019;299;;;
26/10/2019;300;;;
27/10/2019;301;;;
28/10/2019;302;;;
29/10/2019;303;;;
30/10/2019;304;;;
31/10/2019;305;;;
01/11/2019;306;;;
02/11/2019;307;;;
03/11/2019;308;;;
04/11/2019;309;;;
05/11/2019;310;;;
06/11/2019;311;;;
07/11/2019;312;;;
08/11/2019;313;;;
09/11/2019;314;;;
10/11/2019;315;;;
11/11/2019;316;;;
12/11/2019;317;;;
13/11/2019;318;;;
14/11/2019;319;;;
15/11/2019;320;;;
16/11/2019;321;;;
17/11/2019;322;;;
18/11/2019;323;;;
19/11/2019;324;;;
20/11/2019;325;;;
21/11/2019;326;;;
22/11/2019;327;;;
23/11/2019;328;;;
24/11/2019;329;;;
25/11/2019;330;;;
26/11/2019;331;;;
27/11/2019;332;;;
28/11/2019;333;;;
29/11/2019;334;;;
30/11/2019;335;;;
01/12/2019;336;;;
02/12/2019;337;;;
03/12/2019;338;;;
04/12/2019;339;;;
05/12/2019;340;;;
06/12/2019;341;;;
07/12/2019;342;;;
08/12/2019;343;;;
09/12/2019;344;;;
10/12/2019;345;;;
11/12/2019;346;;;
12/12/2019;347;;;
13/12/2019;348;;;
14/12/2019;349;;;
15/12/2019;350;;;
16/12/2019;351;;;
17/12/2019;352;;;
18/12/2019;353;;;
19/12/2019;354;;;
20/12/2019;355;;;
21/12/2019;356;;;
22/12/2019;357;;;
23/12/2019;358;;;
24/12/2019;359;;;
25/12/2019;360;;;
26/12/2019;361;;;
27/12/2019;362;;;
28/12/2019;363;;;
29/12/2019;364;;;
30/12/2019;365;;;
31/12/2019;366;;;
01/01/2020;1;;;
02/01/2020;2;;;
03/01/2020;3;;;
04/01/2020;4;;;
05/01/2020;5;;;
06/01/2020;6;;;
07/01/2020;7;;;
08/01/2020;8;;;
09/01/2020;9;;;
10/01/2020;10;;;
11/01/2020;11;;;
12/01/2020;12;;;
13/01/2020;13;;;
14/01/2020;14;;;
15/01/2020;15;;;
16/01/2020;16;;;
17/01/2020;17;;;
18/01/2020;18;;;
19/01/2020;19;;;
20/01/2020;20;;;
21/01/2020;21;;;
22/01/2020;22;;;
23/01/2020;23;;;
24/01/2020;24;;;
25/01/2020;25;;;
26/01/2020;26;;;
27/01/2020;27;;;
28/01/2020;28;;;
29/01/2020;29;;;
30/01/2020;30;;;
31/01/2020;31;;;
01/02/2020;32;;;
02/02/2020;33;;;
03/02/2020;34;;;
04/02/2020;35;;;
05/02/2020;36;;;
06/02/2020;37;;;
07/02/2020;38;;;
08/02/2020;39;;;
09/02/2020;40;;;
10/02/2020;41;;;
11/02/2020;42;;;
12/02/2020;43;;;
13/02/2020;44;;;
14/02/2020;45;;;
15/02/2020;46;;;
16/02/2020;47;;;
17/02/2020;48;;;
18/02/2020;49;;;
19/02/2020;50;;;
20/02/2020;51;;;
21/02/2020;52;;;
22/02/2020;53;;;
23/02/2020;54;;;
24/02/2020;55;;;
25/02/2020;56;;;
26/02/2020;57;;;
27/02/2020;58;;;
28/02/2020;59;;;
29/02/2020;60;;;
01/03/2020;61;;;
02/03/2020;62;;;
03/03/2020;63;;;
04/03/2020;64;;;
05/03/2020;65;;;
06/03/2020;66;;;
07/03/2020;67;;;
08/03/2020;68;;;
09/03/2020;69;;;
10/03/2020;70;;;
11/03/2020;71;;;
12/03/2020;72;;;
13/03/2020;73;;;
14/03/2020;74;;;
15/03/2020;75;;;
16/03/2020;76;;;
17/03/2020;77;;;
18/03/2020;78;;;
19/03/2020;79;;;
20/03/2020;80;;;
21/03/2020;81;;;
22/03/2020;82;;;
23/03/2020;83;;;
24/03/2020;84;;;
25/03/2020;85;;;
26/03/2020;86;;;
27/03/2020;87;;;
28/03/2020;88;;;
29/03/2020;89;;;
30/03/2020;90;;;
31/03/2020;91;;;
01/04/2020;92;;;
02/04/2020;93;;;
03/04/2020;94;;;
04/04/2020;95;;;
05/04/2020;96;;;
06/04/2020;97;;;
07/04/2020;98;;;
08/04/2020;99;;;
09/04/2020;100;;;
10/04/2020;101;;;
11/04/2020;102;;;
12/04/2020;103;;;
13/04/2020;104;;;
14/04/2020;105;;;
15/04/2020;106;;;
16/04/2020;107;;;
17/04/2020;108;;;
18/04/2020;109;;;
19/04/2020;110;;;
20/04/2020;111;;;
21/04/2020;112;;;
22/04/2020;113;;;
23/04/2020;114;;;
24/04/2020;115;;;
25/04/2020;116;;;
26/04/2020;117;;;
27/04/2020;118;;;
28/04/2020;119;;;
29/04/2020;120;;;
30/04/2020;121;;;
01/05/2020;122;;;
02/05/2020;123;;;
03/05/2020;124;;;
04/05/2020;125;;;
05/05/2020;126;;;
06/05/2020;127;;;
07/05/2020;128;;;
08/05/2020;129;;;
09/05/2020;130;;;
10/05/2020;131;;;
11/05/2020;132;;;
12/05/2020;133;;;
13/05/2020;134;;;
14/05/2020;135;;;
15/05/2020;136;;;
16/05/2020;137;;;
17/05/2020;138;;;
18/05/2020;139;;;
19/05/2020;140;;;
20/05/2020;141;;;
21/05/2020;142;;;
22/05/2020;143;;;
23/05/2020;144;;;
24/05/2020;145;;;
25/05/2020;146;;;
26/05/2020;147;;;
27/05/2020;148;;;
28/05/2020;149;;;
29/05/2020;150;;;
30/05/2020;151;;;
31/05/2020;152;;;
01/06/2020;153;;;
02/06/2020;154;;;
03/06/2020;155;;;
04/06/2020;156;;;
05/06/2020;157;;;
06/06/2020;158;;;
07/06/2020;159;;;
08/06/2020;160;;;
09/06/2020;161;;;
10/06/2020;162;;;
11/06/2020;163;;;
12/06/2020;164;;;
13/06/2020;165;;;
14/06/2020;166;;;
15/06/2020;167;;;
16/06/2020;168;;;
17/06/2020;169;;;
18/06/2020;170;;;
19/06/2020;171;;;
20/06/2020;172;;;
21/06/2020;173;;;
22/06/2020;174;;;
23/06/2020;175;;;
24/06/2020;176;;;
25/06/2020;177;;;
26/06/2020;178;;;
27/06/2020;179;;;
28/06/2020;180;;;
29/06/2020;181;;;
30/06/2020;182;;;
01/07/2020;183;;;
02/07/2020;184;;;
03/07/2020;185;;;
04/07/2020;186;;;
05/07/2020;187;;;
06/07/2020;188;;;
07/07/2020;189;;;
08/07/2020;190;;;
09/07/2020;191;;;
10/07/2020;192;;;
11/07/2020;193;;;
12/07/2020;194;;;
13/07/2020;195;;;
14/07/2020;196;;;
15/07/2020;197;;;
16/07/2020;198;;;
17/07/2020;199;;;
18/07/2020;200;;;
19/07/2020;201;;;
20/07/2020;202;;;
21/07/2020;203;;;
22/07/2020;204;;;
23/07/2020;205;;;
24/07/2020;206;;;
25/07/2020;207;;;
26/07/2020;208;;;
27/07/2020;209;;;
28/07/2020;210;;;
29/07/2020;211;;;
30/07/2020;212;;;
31/07/2020;213;;;
01/08/2020;214;;;
02/08/2020;215;;;
03/08/2020;216;;;
04/08/2020;217;;;
05/08/2020;218;;;
06/08/2020;219;;;
07/08/2020;220;;;
08/08/2020;221;;;
09/08/2020;222;;;
10/08/2020;223;;;
11/08/2020;224;;;
12/08/2020;225;;;
13/08/2020;226;;;
14/08/2020;227;;;
15/08/2020;228;;;
16/08/2020;229;;;
17/08/2020;230;;;
18/08/2020;231;;;
19/08/2020;232;;;
20/08/2020;233;;;
21/08/2020;234;;;
22/08/2020;235;;;
23/08/2020;236;;;
24/08/2020;237;;;
25/08/2020;238;;;
26/08/2020;239;;;
27/08/2020;240;;;
28/08/2020;241;;;
29/08/2020;242;;;
30/08/2020;243;;;
31/08/2020;244;;;
01/09/2020;245;;;
02/09/2020;246;;;
03/09/2020;247;;;
04/09/2020;248;;;
05/09/2020;249;;;
06/09/2020;250;;;
07/09/2020;251;;;
08/09/2020;252;;;
09/09/2020;253;;;
10/09/2020;254;;;
11/09/2020;255;;;
12/09/2020;256;;;
13/09/2020;257;;;
14/09/2020;258;;;
15/09/2020;259;;;
16/09/2020;260;;;
17/09/2020;261;;;
18/09/2020;262;;;
19/09/2020;263;;;
20/09/2020;264;;;
21/09/2020;265;;;
22/09/2020;266;;;
23/09/2020;267;;;
24/09/2020;268;;;
25/09/2020;269;;;
26/09/2020;270;;;
27/09/2020;271;;;
28/09/2020;272;;;
29/09/2020;273;;;
30/09/2020;274;;;
01/10/2020;275;;;
02/10/2020;276;;;
03/10/2020;277;;;
04/10/2020;278;;;
05/10/2020;279;;;
06/10/2020;280;;;
07/10/2020;281;;;
08/10/2020;282;;;
09/10/2020;283;;;
10/10/2020;284;;;
11/10/2020;285;;;
12/10/2020;286;;;
13/10/2020;287;;;
14/10/2020;288;;;
15/10/2020;289;;;
16/10/2020;290;;;
17/10/2020;291;;;
18/10/2020;292;;;
19/10/2020;293;;;
20/10/2020;294;;;
21/10/2020;295;;;
22/10/2020;296;;;
23/10/2020;297;;;
24/10/2020;298;;;
25/10/2020;299;;;
26/10/2020;300;;;
27/10/2020;301;;;
28/10/2020;302;;;
29/10/2020;303;;;
30/10/2020;304;;;
31/10/2020;305;;;
01/11/2020;306;;;
02/11/2020;307;;;
03/11/2020;308;;;
04/11/2020;309;;;
05/11/2020;310;;;
06/11/2020;311;;;
07/11/2020;312;;;
08/11/2020;313;;;
09/11/2020;314;;;
10/11/2020;315;;;
11/11/2020;316;;;
12/11/2020;317;;;
13/11/2020;318;;;
14/11/2020;319;;;
15/11/2020;320;;;
16/11/2020;321;;;
17/11/2020;322;;;
18/11/2020;323;;;
19/11/2020;324;;;
20/11/2020;325;;;
21/11/2020;326;;;
22/11/2020;327;;;
23/11/2020;328;;;
24/11/2020;329;;;
25/11/2020;330;;;
26/11/2020;331;;;
27/11/2020;332;;;
28/11/2020;333;;;
29/11/2020;334;;;
30/11/2020;335;;;
01/12/2020;336;;;
02/12/2020;337;;;
03/12/2020;338;;;
04/12/2020;339;;;
05/12/2020;340;;;
06/12/2020;341;;;
07/12/2020;342;;;
08/12/2020;343;;;
09/12/2020;344;;;
10/12/2020;345;;;
11/12/2020;346;;;
12/12/2020;347;;;
13/12/2020;348;;;
14/12/2020;349;;;
15/12/2020;350;;;
16/12/2020;351;;;
17/12/2020;352;;;
18/12/2020;353;;;
19/12/2020;354;;;
20/12/2020;355;;;
21/12/2020;356;;;
22/12/2020;357;;;
23/12/2020;358;;;
24/12/2020;359;;;
25/12/2020;360;;;
26/12/2020;361;;;
27/12/2020;362;;;
28/12/2020;363;;;
29/12/2020;364;;;
30/12/2020;365;;;
31/12/2020;366;;;
01/01/2021;1;;;
02/01/2021;2;;;
03/01/2021;3;;;
04/01/2021;4;;;
05/01/2021;5;;;
06/01/2021;6;;;
07/01/2021;7;;;
08/01/2021;8;;;
09/01/2021;9;;;
10/01/2021;10;;;
11/01/2021;11;;;
12/01/2021;12;;;
13/01/2021;13;;;
14/01/2021;14;;;
15/01/2021;15;;;
16/01/2021;16;;;
17/01/2021;17;;;
18/01/2021;18;;;
19/01/2021;19;;;
20/01/2021;20;;;
21/01/2021;21;;;
22/01/2021;22;;;
23/01/2021;23;;;
24/01/2021;24;;;
25/01/2021;25;;;
26/01/2021;26;;;
27/01/2021;27;;;
28/01/2021;28;;;
29/01/2021;29;;;
30/01/2021;30;;;
31/01/2021;31;;;
01/02/2021;32;;;
02/02/2021;33;;;
03/02/2021;34;;;
04/02/2021;35;;;
05/02/2021;36;;;
06/02/2021;37;;;
07/02/2021;38;;;
08/02/2021;39;;;
09/02/2021;40;;;
10/02/2021;41;;;
11/02/2021;42;;;
12/02/2021;43;;;
13/02/2021;44;;;
14/02/2021;45;;;
15/02/2021;46;;;
16/02/2021;47;;;
17/02/2021;48;;;
18/02/2021;49;;;
19/02/2021;50;;;
20/02/2021;51;;;
21/02/2021;52;;;
22/02/2021;53;;;
23/02/2021;54;;;
24/02/2021;55;;;
25/02/2021;56;;;
26/02/2021;57;;;
27/02/2021;58;;;
28/02/2021;59;;;
;60;0;;
01/03/2021;61;;;
02/03/2021;62;;;
03/03/2021;63;;;
04/03/2021;64;;;
05/03/2021;65;;;
06/03/2021;66;;;
07/03/2021;67;;;
08/03/2021;68;;;
09/03/2021;69;;;
10/03/2021;70;;;
11/03/2021;71;;;
12/03/2021;72;;;
13/03/2021;73;;;
14/03/2021;74;;;
15/03/2021;75;;;
16/03/2021;76;;;
17/03/2021;77;;;
18/03/2021;78;;;
19/03/2021;79;;;
20/03/2021;80;;;
21/03/2021;81;;;
22/03/2021;82;;;
23/03/2021;83;;;
24/03/2021;84;;;
25/03/2021;85;;;
26/03/2021;86;;;
27/03/2021;87;;;
28/03/2021;88;;;
29/03/2021;89;;;
30/03/2021;90;;;
31/03/2021;91;;;
01/04/2021;92;;;
02/04/2021;93;;;
03/04/2021;94;;;
04/04/2021;95;;;
05/04/2021;96;;;
06/04/2021;97;;;
07/04/2021;98;;;
08/04/2021;99;;;
09/04/2021;100;;;
10/04/2021;101;;;
11/04/2021;102;;;
12/04/2021;103;;;
13/04/2021;104;;;
14/04/2021;105;;;
15/04/2021;106;;;
16/04/2021;107;;;
17/04/2021;108;;;
18/04/2021;109;;;
19/04/2021;110;;;
20/04/2021;111;;;
21/04/2021;112;;;
22/04/2021;113;;;
23/04/2021;114;;;
24/04/2021;115;;;
25/04/2021;116;;;
26/04/2021;117;;;
27/04/2021;118;;;
28/04/2021;119;;;
29/04/2021;120;;;
30/04/2021;121;;;
01/05/2021;122;;;
02/05/2021;123;;;
03/05/2021;124;;;
04/05/2021;125;;;
05/05/2021;126;;;
06/05/2021;127;;;
07/05/2021;128;;;
08/05/2021;129;;;
09/05/2021;130;;;
10/05/2021;131;;;
11/05/2021;132;;;
12/05/2021;133;;;
13/05/2021;134;;;
14/05/2021;135;;;
15/05/2021;136;;;
16/05/2021;137;;;
17/05/2021;138;;;
18/05/2021;139;;;
19/05/2021;140;;;
20/05/2021;141;;;
21/05/2021;142;;;
22/05/2021;143;;;
23/05/2021;144;;;
24/05/2021;145;;;
25/05/2021;146;;;
26/05/2021;147;;;
27/05/2021;148;;;
28/05/2021;149;;;
29/05/2021;150;;;
30/05/2021;151;;;
31/05/2021;152;;;
01/06/2021;153;;;
02/06/2021;154;;;
03/06/2021;155;;;
04/06/2021;156;;;
05/06/2021;157;;;
06/06/2021;158;;;
07/06/2021;159;;;
08/06/2021;160;;;
09/06/2021;161;;;
10/06/2021;162;;;
11/06/2021;163;;;
12/06/2021;164;;;
13/06/2021;165;;;
14/06/2021;166;;;
15/06/2021;167;;;
16/06/2021;168;;;
17/06/2021;169;;;
18/06/2021;170;;;
19/06/2021;171;;;
20/06/2021;172;;;
21/06/2021;173;;;
22/06/2021;174;;;
23/06/2021;175;;;
24/06/2021;176;;;
25/06/2021;177;;;
26/06/2021;178;;;
27/06/2021;179;;;
28/06/2021;180;;;
29/06/2021;181;;;
30/06/2021;182;;;
01/07/2021;183;;;
02/07/2021;184;;;
03/07/2021;185;;;
04/07/2021;186;;;
05/07/2021;187;;;
06/07/2021;188;;;
07/07/2021;189;;;
08/07/2021;190;;;
09/07/2021;191;;;
10/07/2021;192;;;
11/07/2021;193;;;
12/07/2021;194;;;
13/07/2021;195;;;
14/07/2021;196;;;
15/07/2021;197;;;
16/07/2021;198;;;
17/07/2021;199;;;
18/07/2021;200;;;
19/07/2021;201;;;
20/07/2021;202;;;
21/07/2021;203;;;
22/07/2021;204;;;
23/07/2021;205;;;
24/07/2021;206;;;
25/07/2021;207;;;
26/07/2021;208;;;
27/07/2021;209;;;
28/07/2021;210;;;
29/07/2021;211;;;
30/07/2021;212;;;
31/07/2021;213;;;
01/08/2021;214;;;
02/08/2021;215;;;
03/08/2021;216;;;
04/08/2021;217;;;
05/08/2021;218;;;
06/08/2021;219;;;
07/08/2021;220;;;
08/08/2021;221;;;
09/08/2021;222;;;
10/08/2021;223;;;
11/08/2021;224;;;
12/08/2021;225;;;
13/08/2021;226;;;
14/08/2021;227;;;
15/08/2021;228;;;
16/08/2021;229;;;
17/08/2021;230;;;
18/08/2021;231;;;
19/08/2021;232;;;
20/08/2021;233;;;
21/08/2021;234;;;
22/08/2021;235;;;
23/08/2021;236;;;
24/08/2021;237;;;
25/08/2021;238;;;
26/08/2021;239;;;
27/08/2021;240;;;
28/08/2021;241;;;
29/08/2021;242;;;
30/08/2021;243;;;
31/08/2021;244;;;
01/09/2021;245;;;
02/09/2021;246;;;
03/09/2021;247;;;
04/09/2021;248;;;
05/09/2021;249;;;
06/09/2021;250;;;
07/09/2021;251;;;
08/09/2021;252;;;
09/09/2021;253;;;
10/09/2021;254;;;
11/09/2021;255;;;
12/09/2021;256;;;
13/09/2021;257;;;
14/09/2021;258;;;
15/09/2021;259;;;
16/09/2021;260;;;
17/09/2021;261;;;
18/09/2021;262;;;
19/09/2021;263;;;
20/09/2021;264;;;
21/09/2021;265;;;
22/09/2021;266;;;
23/09/2021;267;;;
24/09/2021;268;;;
25/09/2021;269;;;
26/09/2021;270;;;
27/09/2021;271;;;
28/09/2021;272;;;
29/09/2021;273;;;
30/09/2021;274;;;
01/10/2021;275;;;
02/10/2021;276;;;
03/10/2021;277;;;
04/10/2021;278;;;
05/10/2021;279;;;
06/10/2021;280;;;
07/10/2021;281;;;
08/10/2021;282;;;
09/10/2021;283;;;
10/10/2021;284;;;
11/10/2021;285;;;
12/10/2021;286;;;
13/10/2021;287;;;
14/10/2021;288;;;
15/10/2021;289;;;
16/10/2021;290;;;
17/10/2021;291;;;
18/10/2021;292;;;
19/10/2021;293;;;
20/10/2021;294;;;
21/10/2021;295;;;
22/10/2021;296;;;
23/10/2021;297;;;
24/10/2021;298;;;
25/10/2021;299;;;
26/10/2021;300;;;
27/10/2021;301;;;
28/10/2021;302;;;
29/10/2021;303;;;
30/10/2021;304;;;
31/10/2021;305;;;
01/11/2021;306;;;
02/11/2021;307;;;
03/11/2021;308;;;
04/11/2021;309;;;
05/11/2021;310;;;
06/11/2021;311;;;
07/11/2021;312;;;
08/11/2021;313;;;
09/11/2021;314;;;
10/11/2021;315;;;
11/11/2021;316;;;
12/11/2021;317;;;
13/11/2021;318;;;
14/11/2021;319;;;
15/11/2021;320;;;
16/11/2021;321;;;
17/11/2021;322;;;
18/11/2021;323;;;
19/11/2021;324;;;
20/11/2021;325;;;
21/11/2021;326;;;
22/11/2021;327;;;
23/11/2021;328;;;
24/11/2021;329;;;
25/11/2021;330;;;
26/11/2021;331;;;
27/11/2021;332;;;
28/11/2021;333;;;
29/11/2021;334;;;
30/11/2021;335;;;
01/12/2021;336;;;
02/12/2021;337;;;
03/12/2021;338;;;
04/12/2021;339;;;
05/12/2021;340;;;
06/12/2021;341;;;
07/12/2021;342;;;
08/12/2021;343;;;
09/12/2021;344;;;
10/12/2021;345;;;
11/12/2021;346;;;
12/12/2021;347;;;
13/12/2021;348;;;
14/12/2021;349;;;
15/12/2021;350;;;
16/12/2021;351;;;
17/12/2021;352;;;
18/12/2021;353;;;
19/12/2021;354;;;
20/12/2021;355;;;
21/12/2021;356;;;
22/12/2021;357;;;
23/12/2021;358;;;
24/12/2021;359;;;
25/12/2021;360;;;
26/12/2021;361;;;
27/12/2021;362;;;
28/12/2021;363;;;
29/12/2021;364;;;
30/12/2021;365;;;
31/12/2021;366;;;
01/01/2022;1;;;
02/01/2022;2;;;
03/01/2022;3;;;
04/01/2022;4;;;
05/01/2022;5;;;
06/01/2022;6;;;
07/01/2022;7;;;
08/01/2022;8;;;
09/01/2022;9;;;
10/01/2022;10;;;
11/01/2022;11;;;
12/01/2022;12;;;
13/01/2022;13;;;
14/01/2022;14;;;
15/01/2022;15;;;
16/01/2022;16;;;
17/01/2022;17;;;
18/01/2022;18;;;
19/01/2022;19;;;
20/01/2022;20;;;
21/01/2022;21;;;
22/01/2022;22;;;
23/01/2022;23;;;
24/01/2022;24;;;
25/01/2022;25;;;
26/01/2022;26;;;
27/01/2022;27;;;
28/01/2022;28;;;
29/01/2022;29;;;
30/01/2022;30;;;
31/01/2022;31;;;
01/02/2022;32;;;
02/02/2022;33;;;
03/02/2022;34;;;
04/02/2022;35;;;
05/02/2022;36;;;
06/02/2022;37;;;
07/02/2022;38;;;
08/02/2022;39;;;
09/02/2022;40;;;
10/02/2022;41;;;
11/02/2022;42;;;
12/02/2022;43;;;
13/02/2022;44;;;
14/02/2022;45;;;
15/02/2022;46;;;
16/02/2022;47;;;
17/02/2022;48;;;
18/02/2022;49;;;
19/02/2022;50;;;
20/02/2022;51;;;
21/02/2022;52;;;
22/02/2022;53;;;
23/02/2022;54;;;
24/02/2022;55;;;
25/02/2022;56;;;
26/02/2022;57;;;
27/02/2022;58;;;
28/02/2022;59;;;
;60;0;;
01/03/2022;61;;;
02/03/2022;62;;;
03/03/2022;63;;;
04/03/2022;64;;;
05/03/2022;65;;;
06/03/2022;66;;;
07/03/2022;67;;;
08/03/2022;68;;;
09/03/2022;69;;;
10/03/2022;70;;;
11/03/2022;71;;;
12/03/2022;72;;;
13/03/2022;73;;;
14/03/2022;74;;;
15/03/2022;75;;;
16/03/2022;76;;;
17/03/2022;77;;;
18/03/2022;78;;;
19/03/2022;79;;;
20/03/2022;80;;;
21/03/2022;81;;;
22/03/2022;82;;;
23/03/2022;83;;;
24/03/2022;84;;;
25/03/2022;85;;;
26/03/2022;86;;;
27/03/2022;87;;;
28/03/2022;88;;;
29/03/2022;89;;;
30/03/2022;90;;;
31/03/2022;91;;;
01/04/2022;92;;;
02/04/2022;93;;;
03/04/2022;94;;;
04/04/2022;95;;;
05/04/2022;96;;;
06/04/2022;97;;;
07/04/2022;98;;;
08/04/2022;99;;;
09/04/2022;100;;;
10/04/2022;101;;;
11/04/2022;102;;;
12/04/2022;103;;;
13/04/2022;104;;;
14/04/2022;105;;;
15/04/2022;106;;;
16/04/2022;107;;;
17/04/2022;108;;;
18/04/2022;109;;;
19/04/2022;110;;;
20/04/2022;111;;;
21/04/2022;112;;;
22/04/2022;113;;;
23/04/2022;114;;;
24/04/2022;115;;;
25/04/2022;116;;;
26/04/2022;117;;;
27/04/2022;118;;;
28/04/2022;119;;;
29/04/2022;120;;;
30/04/2022;121;;;
01/05/2022;122;;;
02/05/2022;123;;;
03/05/2022;124;;;
04/05/2022;125;;;
05/05/2022;126;;;
06/05/2022;127;;;
07/05/2022;128;;;
08/05/2022;129;;;
09/05/2022;130;;;
10/05/2022;131;;;
11/05/2022;132;;;
12/05/2022;133;;;
13/05/2022;134;;;
14/05/2022;135;;;
15/05/2022;136;;;
16/05/2022;137;;;
17/05/2022;138;;;
18/05/2022;139;;;
19/05/2022;140;;;
20/05/2022;141;;;
21/05/2022;142;;;
22/05/2022;143;;;
23/05/2022;144;;;
24/05/2022;145;;;
25/05/2022;146;;;
26/05/2022;147;;;
27/05/2022;148;;;
28/05/2022;149;;;
29/05/2022;150;;;
30/05/2022;151;;;
31/05/2022;152;;;
01/06/2022;153;;;
02/06/2022;154;;;
03/06/2022;155;;;
04/06/2022;156;;;
05/06/2022;157;;;
06/06/2022;158;;;
07/06/2022;159;;;
08/06/2022;160;;;
09/06/2022;161;;;
10/06/2022;162;;;
11/06/2022;163;;;
12/06/2022;164;;;
13/06/2022;165;;;
14/06/2022;166;;;
15/06/2022;167;;;
16/06/2022;168;;;
17/06/2022;169;;;
18/06/2022;170;;;
19/06/2022;171;;;
20/06/2022;172;;;
21/06/2022;173;;;
22/06/2022;174;;;
23/06/2022;175;;;
24/06/2022;176;;;
25/06/2022;177;;;
26/06/2022;178;;;
27/06/2022;179;;;
28/06/2022;180;;;
29/06/2022;181;;;
30/06/2022;182;;;
01/07/2022;183;;;
02/07/2022;184;;;
03/07/2022;185;;;
04/07/2022;186;;;
05/07/2022;187;;;
06/07/2022;188;;;
07/07/2022;189;;;
08/07/2022;190;;;
09/07/2022;191;;;
10/07/2022;192;;;
11/07/2022;193;;;
12/07/2022;194;;;
13/07/2022;195;;;
14/07/2022;196;;;
15/07/2022;197;;;
16/07/2022;198;;;
17/07/2022;199;;;
18/07/2022;200;;;
19/07/2022;201;;;
20/07/2022;202;;;
21/07/2022;203;;;
22/07/2022;204;;;
23/07/2022;205;;;
24/07/2022;206;;;
25/07/2022;207;;;
26/07/2022;208;;;
27/07/2022;209;;;
28/07/2022;210;;;
29/07/2022;211;;;
30/07/2022;212;;;
31/07/2022;213;;;
01/08/2022;214;;;
02/08/2022;215;;;
03/08/2022;216;;;
04/08/2022;217;;;
05/08/2022;218;;;
06/08/2022;219;;;
07/08/2022;220;;;
08/08/2022;221;;;
09/08/2022;222;;;
10/08/2022;223;;;
11/08/2022;224;;;
12/08/2022;225;;;
13/08/2022;226;;;
14/08/2022;227;;;
15/08/2022;228;;;
16/08/2022;229;;;
17/08/2022;230;;;
18/08/2022;231;;;
19/08/2022;232;;;
20/08/2022;233;;;
21/08/2022;234;;;
22/08/2022;235;;;
23/08/2022;236;;;
24/08/2022;237;;;
25/08/2022;238;;;
26/08/2022;239;;;
27/08/2022;240;;;
28/08/2022;241;;;
29/08/2022;242;;;
30/08/2022;243;;;
31/08/2022;244;;;
01/09/2022;245;;;
02/09/2022;246;;;
03/09/2022;247;;;
04/09/2022;248;;;
05/09/2022;249;;;
06/09/2022;250;;;
07/09/2022;251;;;
08/09/2022;252;;;
09/09/2022;253;;;
10/09/2022;254;;;
11/09/2022;255;;;
12/09/2022;256;;;
13/09/2022;257;;;
14/09/2022;258;;;
15/09/2022;259;;;
16/09/2022;260;;;
17/09/2022;261;;;
18/09/2022;262;;;
19/09/2022;263;;;
20/09/2022;264;;;
21/09/2022;265;;;
22/09/2022;266;;;
23/09/2022;267;;;
24/09/2022;268;;;
25/09/2022;269;;;
26/09/2022;270;;;
27/09/2022;271;;;
28/09/2022;272;;;
29/09/2022;273;;;
30/09/2022;274;;;
01/10/2022;275;;;
02/10/2022;276;;;
03/10/2022;277;;;
04/10/2022;278;;;
05/10/2022;279;;;
06/10/2022;280;;;
07/10/2022;281;;;
08/10/2022;282;;;
09/10/2022;283;;;
10/10/2022;284;;;
11/10/2022;285;;;
12/10/2022;286;;;
13/10/2022;287;;;
14/10/2022;288;;;
15/10/2022;289;;;
16/10/2022;290;;;
17/10/2022;291;;;
18/10/2022;292;;;
19/10/2022;293;;;
20/10/2022;294;;;
21/10/2022;295;;;
22/10/2022;296;;;
23/10/2022;297;;;
24/10/2022;298;;;
25/10/2022;299;;;
26/10/2022;300;;;
27/10/2022;301;;;
28/10/2022;302;;;
29/10/2022;303;;;
30/10/2022;304;;;
31/10/2022;305;;;
01/11/2022;306;;;
02/11/2022;307;;;
03/11/2022;308;;;
04/11/2022;309;;;
05/11/2022;310;;;
06/11/2022;311;;;
07/11/2022;312;;;
08/11/2022;313;;;
09/11/2022;314;;;
10/11/2022;315;;;
11/11/2022;316;;;
12/11/2022;317;;;
13/11/2022;318;;;
14/11/2022;319;;;
15/11/2022;320;;;
16/11/2022;321;;;
17/11/2022;322;;;
18/11/2022;323;;;
19/11/2022;324;;;
20/11/2022;325;;;
21/11/2022;326;;;
22/11/2022;327;;;
23/11/2022;328;;;
24/11/2022;329;;;
25/11/2022;330;;;
26/11/2022;331;;;
27/11/2022;332;;;
28/11/2022;333;;;
29/11/2022;334;;;
30/11/2022;335;;;
01/12/2022;336;;;
02/12/2022;337;;;
03/12/2022;338;;;
04/12/2022;339;;;
05/12/2022;340;;;
06/12/2022;341;;;
07/12/2022;342;;;
08/12/2022;343;;;
09/12/2022;344;;;
10/12/2022;345;;;
11/12/2022;346;;;
12/12/2022;347;;;
13/12/2022;348;;;
14/12/2022;349;;;
15/12/2022;350;;;
16/12/2022;351;;;
17/12/2022;352;;;
18/12/2022;353;;;
19/12/2022;354;;;
20/12/2022;355;;;
21/12/2022;356;;;
22/12/2022;357;;;
23/12/2022;358;;;
24/12/2022;359;;;
25/12/2022;360;;;
26/12/2022;361;;;
27/12/2022;362;;;
28/12/2022;363;;;
29/12/2022;364;;;
30/12/2022;365;;;
31/12/2022;366;;;
